src,sport,dst,dport,time,rate,id
10.0.0.2,46157,10.0.0.4,38340,0.6412372589111328,57.33456998824748,1
10.0.0.2,46157,10.0.0.4,38340,0.9884371757507324,87.43688787497578,1
10.0.0.2,46157,10.0.0.4,38340,1.3355772495269775,50.12603266725711,1
10.0.0.2,46157,10.0.0.4,38340,1.6853792667388916,48.056915473269136,1
10.0.0.2,46157,10.0.0.4,38340,2.032578229904175,47.18922116611289,1
10.0.0.2,46157,10.0.0.4,38340,2.3796892166137695,46.32152685895664,1
10.0.0.2,46157,10.0.0.4,38340,2.7269632816314697,48.056915473269136,1
10.0.0.2,46157,10.0.0.4,38340,3.074122190475464,47.58969546172346,1
10.0.0.2,46157,10.0.0.4,38340,3.421300172805786,47.78993260952875,1
10.0.0.2,46157,10.0.0.4,38340,3.768479347229004,47.52294974578837,1
10.0.0.2,46157,10.0.0.4,38340,4.116900205612183,48.056915473269136,1
10.0.0.2,46157,10.0.0.4,38340,4.464168310165405,47.78993260952875,1
10.0.0.2,46157,10.0.0.4,38340,4.811488389968872,47.72318689359365,1
10.0.0.2,46157,10.0.0.4,38340,5.158648252487183,47.45620402985327,1
10.0.0.2,46157,10.0.0.4,38340,5.507413387298584,48.056915473269136,1
10.0.0.2,46157,10.0.0.4,38340,5.85453724861145,47.05572973424269,1
10.0.0.2,46157,10.0.0.4,38340,6.201677322387695,47.58969546172346,1
10.0.0.2,46157,10.0.0.4,38340,6.549755334854126,48.056915473269136,1
10.0.0.2,46157,10.0.0.4,38340,6.899209260940552,47.58969546172346,1
10.0.0.2,46157,10.0.0.4,38340,7.248146295547485,48.056915473269136,1
10.0.0.2,46157,10.0.0.4,38340,7.596646308898926,47.32271259798308,1
10.0.0.2,46157,10.0.0.4,38340,7.944408178329468,47.58969546172346,1
10.0.0.2,46157,10.0.0.4,38340,8.291563272476196,47.18922116611289,1
10.0.0.2,46157,10.0.0.4,38340,8.638808250427246,48.056915473269136,1
10.0.0.2,46157,10.0.0.4,38340,8.987915277481079,48.056915473269136,1
10.0.0.2,46157,10.0.0.4,38340,9.335349321365356,46.9889840183076,1
10.0.0.2,46157,10.0.0.4,38340,9.684559345245361,48.056915473269136,1
10.0.0.2,46157,10.0.0.4,38340,10.031747341156006,47.52294974578837,1
10.0.0.2,46157,10.0.0.4,38340,10.379077196121216,46.9889840183076,1
10.0.0.2,46157,10.0.0.4,38340,10.729159355163574,48.056915473269136,1
10.0.0.2,46157,10.0.0.4,38340,11.076327323913574,47.58969546172346,1
10.0.0.2,46157,10.0.0.4,38340,11.42435622215271,48.056915473269136,1
10.0.0.2,46157,10.0.0.4,38340,11.773594379425049,48.056915473269136,1
10.0.0.2,46157,10.0.0.4,38340,12.120741367340088,47.52294974578837,1
10.0.0.2,46157,10.0.0.4,38340,12.469066381454468,48.056915473269136,1
10.0.0.2,46157,10.0.0.4,38340,12.81930136680603,46.52176400676193,1
10.0.0.2,46157,10.0.0.4,38340,13.169183254241943,47.72318689359365,1
10.0.0.2,46157,10.0.0.4,38340,13.516330242156982,47.99016975733404,1
10.0.0.2,46157,10.0.0.4,38340,13.86536717414856,47.58969546172346,1
10.0.0.2,46157,10.0.0.4,38340,14.212684154510498,46.25478114302154,1
10.0.0.2,46157,10.0.0.4,38340,14.559814214706421,47.45620402985327,1
10.0.0.2,46157,10.0.0.4,38340,14.906938314437866,47.92342404139894,1
10.0.0.2,46157,10.0.0.4,38340,15.256784200668335,48.056915473269136,1
10.0.0.2,46157,10.0.0.4,38340,15.605924367904663,46.9889840183076,1
10.0.0.2,46157,10.0.0.4,38340,15.953918218612671,48.056915473269136,1
10.0.0.2,46157,10.0.0.4,38340,16.303683280944824,48.056915473269136,1
10.0.0.2,46157,10.0.0.4,38340,16.6508891582489,47.85667832546385,1
10.0.0.2,46157,10.0.0.4,38340,16.99986720085144,48.056915473269136,1
10.0.0.2,46157,10.0.0.4,38340,17.34729528427124,46.58850972269702,1
10.0.0.2,46157,10.0.0.4,38340,17.69755220413208,48.056915473269136,1
10.0.0.2,46157,10.0.0.4,38340,18.046377182006836,48.056915473269136,1
10.0.0.2,46157,10.0.0.4,38340,18.394667387008667,48.056915473269136,1
10.0.0.2,46157,10.0.0.4,38340,18.74189019203186,47.99016975733404,1
10.0.0.2,46157,10.0.0.4,38340,19.09059429168701,47.45620402985327,1
10.0.0.2,46157,10.0.0.4,38340,19.437803268432617,47.92342404139894,1
10.0.0.2,46157,10.0.0.4,38340,19.787403345108032,48.056915473269136,1
10.0.0.2,46157,10.0.0.4,38340,20.13452124595642,47.45620402985327,1
10.0.0.2,46157,10.0.0.4,38340,20.48330020904541,47.72318689359365,1
10.0.0.2,46157,10.0.0.4,38340,20.83043622970581,47.45620402985327,1
10.0.0.2,46157,10.0.0.4,38340,21.178489208221436,47.32271259798308,1
10.0.0.2,46157,10.0.0.4,38340,21.525795221328735,48.056915473269136,1
10.0.0.2,46157,10.0.0.4,38340,21.87507724761963,48.056915473269136,1
10.0.0.2,46157,10.0.0.4,38340,22.22449016571045,48.056915473269136,1
10.0.0.2,46157,10.0.0.4,38340,22.571691274642944,47.52294974578837,1
10.0.0.2,46157,10.0.0.4,38340,22.91934037208557,48.056915473269136,1
10.0.0.2,46157,10.0.0.4,38340,23.2665593624115,47.52294974578837,1
10.0.0.2,46157,10.0.0.4,38340,23.613760232925415,47.58969546172346,1
10.0.0.2,46157,10.0.0.4,38340,23.962146282196045,48.056915473269136,1
10.0.0.2,46157,10.0.0.4,38340,24.309256315231323,44.71962967651433,1
10.0.0.2,46157,10.0.0.4,38340,24.656882286071777,47.65644117765856,1
10.0.0.2,46157,10.0.0.4,38340,25.005657196044922,48.056915473269136,1
10.0.0.2,46157,10.0.0.4,38340,25.352842330932617,47.58969546172346,1
10.0.0.2,46157,10.0.0.4,38340,25.70086932182312,48.056915473269136,1
10.0.0.2,46157,10.0.0.4,38340,26.05010437965393,48.056915473269136,1
10.0.0.2,46157,10.0.0.4,38340,26.398531198501587,47.32271259798308,1
10.0.0.2,46157,10.0.0.4,38340,26.748631238937378,48.056915473269136,1
10.0.0.2,46157,10.0.0.4,38340,27.09585738182068,47.65644117765856,1
10.0.0.2,46157,10.0.0.4,38340,27.444785356521606,48.056915473269136,1
10.0.0.2,46157,10.0.0.4,38340,27.791927337646484,47.32271259798308,1
10.0.0.2,46157,10.0.0.4,38340,28.139143228530884,47.18922116611289,1
10.0.0.2,46157,10.0.0.4,38340,28.487224340438843,48.056915473269136,1
10.0.0.2,46157,10.0.0.4,38340,28.836183309555054,48.056915473269136,1
10.0.0.2,46157,10.0.0.4,38340,29.183585166931152,47.78993260952875,1
10.0.0.2,46157,10.0.0.4,38340,29.53071427345276,47.52294974578837,1
10.0.0.2,46157,10.0.0.4,38340,29.87932324409485,48.056915473269136,1
10.0.0.2,46157,10.0.0.4,38340,30.22645115852356,47.05572973424269,1
10.0.0.2,46157,10.0.0.4,38340,30.575355291366577,48.056915473269136,1
10.0.0.2,46157,10.0.0.4,38340,30.922571182250977,47.38945831391817,1
10.0.0.2,46157,10.0.0.4,38340,31.270004272460938,47.72318689359365,1
10.0.0.2,46157,10.0.0.4,38340,31.61861824989319,46.58850972269702,1
10.0.0.2,46157,10.0.0.4,38340,31.965842247009277,47.58969546172346,1
10.0.0.2,46157,10.0.0.4,38340,32.313414335250854,48.056915473269136,1
10.0.0.2,46157,10.0.0.4,38340,32.66221618652344,48.056915473269136,1
10.0.0.2,46157,10.0.0.4,38340,33.009419202804565,47.58969546172346,1
10.0.0.2,46157,10.0.0.4,38340,33.35654926300049,47.58969546172346,1
10.0.0.2,46157,10.0.0.4,38340,33.70472025871277,48.056915473269136,1
10.0.0.2,46157,10.0.0.4,38340,34.05410623550415,48.056915473269136,1
10.0.0.2,46157,10.0.0.4,38340,34.40359830856323,47.58969546172346,1
10.0.0.2,46157,10.0.0.4,38340,34.75072932243347,47.58969546172346,1
10.0.0.2,46157,10.0.0.4,38340,35.09846520423889,48.056915473269136,1
10.0.0.2,46157,10.0.0.4,38340,35.445693254470825,46.65525543863212,1
10.0.0.2,46157,10.0.0.4,38340,35.79286336898804,47.58969546172346,1
10.0.0.2,46157,10.0.0.4,38340,36.1422963142395,46.85549258643741,1
10.0.0.2,46157,10.0.0.4,38340,36.48979330062866,48.056915473269136,1
10.0.0.2,46157,10.0.0.4,38340,36.83888125419617,47.12247545017779,1
10.0.0.2,46157,10.0.0.4,38340,37.18716621398926,48.056915473269136,1
10.0.0.2,46157,10.0.0.4,38340,37.534321308135986,47.58969546172346,1
10.0.0.2,46157,10.0.0.4,38340,37.88147830963135,47.18922116611289,1
10.0.0.2,46157,10.0.0.4,38340,38.2286262512207,47.92342404139894,1
10.0.0.2,46157,10.0.0.4,38340,38.57578420639038,47.52294974578837,1
10.0.0.2,46157,10.0.0.4,38340,38.92404532432556,47.58969546172346,1
10.0.0.2,46157,10.0.0.4,38340,39.273136377334595,48.056915473269136,1
10.0.0.2,46157,10.0.0.4,38340,39.622109174728394,47.52294974578837,1
10.0.0.2,46157,10.0.0.4,38340,39.97060227394104,47.58969546172346,1
10.0.0.2,46157,10.0.0.4,38340,40.317791223526,47.65644117765856,1
10.0.0.2,46157,10.0.0.4,38340,40.66499638557434,45.92105256334606,1
10.0.0.2,46157,10.0.0.4,38340,41.0121533870697,46.32152685895664,1
10.0.0.2,46157,10.0.0.4,38340,41.36184024810791,45.98779827928116,1
10.0.0.2,46157,10.0.0.4,38340,41.709357261657715,48.056915473269136,1
10.0.0.2,46157,10.0.0.4,38340,42.05726432800293,48.056915473269136,1
10.0.0.2,46157,10.0.0.4,38340,42.40739822387695,47.45620402985327,1
10.0.0.2,46157,10.0.0.4,38340,42.75451421737671,47.05572973424269,1
10.0.0.2,46157,10.0.0.4,38340,43.102805376052856,46.38827257489173,1
10.0.0.2,46157,10.0.0.4,38340,43.449984312057495,47.58969546172346,1
10.0.0.2,46157,10.0.0.4,38340,43.7984983921051,46.58850972269702,1
10.0.0.2,46157,10.0.0.4,38340,44.14582824707031,48.056915473269136,1
10.0.0.2,46157,10.0.0.4,38340,44.49313426017761,47.78993260952875,1
10.0.0.2,46157,10.0.0.4,38340,44.842063188552856,48.056915473269136,1
10.0.0.2,46157,10.0.0.4,38340,45.18920636177063,47.45620402985327,1
10.0.0.2,46157,10.0.0.4,38340,45.53632736206055,46.85549258643741,1
10.0.0.2,46157,10.0.0.4,38340,45.883506298065186,46.85549258643741,1
10.0.0.2,46157,10.0.0.4,38340,46.23226737976074,46.52176400676193,1
10.0.0.2,46157,10.0.0.4,38340,46.57945919036865,47.38945831391817,1
10.0.0.2,46157,10.0.0.4,38340,46.928593158721924,48.056915473269136,1
10.0.0.2,46157,10.0.0.4,38340,47.27575421333313,47.32271259798308,1
10.0.0.2,46157,10.0.0.4,38340,47.623348236083984,47.25596688204798,1
10.0.0.2,46157,10.0.0.4,38340,47.97045826911926,47.32271259798308,1
10.0.0.2,46157,10.0.0.4,38340,48.31762623786926,47.92342404139894,1
10.0.0.2,46157,10.0.0.4,38340,48.66637420654297,48.056915473269136,1
10.0.0.2,46157,10.0.0.4,38340,49.01351237297058,47.58969546172346,1
10.0.0.2,46157,10.0.0.4,38340,49.360817193984985,47.25596688204798,1
10.0.0.2,46157,10.0.0.4,38340,49.709861278533936,46.52176400676193,1
10.0.0.2,46157,10.0.0.4,38340,50.05697536468506,46.9889840183076,1
10.0.0.2,46157,10.0.0.4,38340,50.40411138534546,44.31915538090376,1
10.0.0.2,46157,10.0.0.4,38340,50.75318622589111,48.056915473269136,1
10.0.0.2,46157,10.0.0.4,38340,51.10088324546814,46.18803542708645,1
10.0.0.2,46157,10.0.0.4,38340,51.44821238517761,47.78993260952875,1
10.0.0.2,46157,10.0.0.4,38340,51.7953622341156,48.056915473269136,1
10.0.0.2,46157,10.0.0.4,38340,52.14456129074097,48.056915473269136,1
10.0.0.2,46157,10.0.0.4,38340,52.49341416358948,46.52176400676193,1
10.0.0.2,46157,10.0.0.4,38340,52.840535163879395,47.12247545017779,1
10.0.0.2,46157,10.0.0.4,38340,53.187743186950684,47.05572973424269,1
10.0.0.2,46157,10.0.0.4,38340,53.537742376327515,46.9222383023725,1
10.0.0.2,46157,10.0.0.4,38340,53.88682818412781,43.5849525056177,1
10.0.0.2,46157,10.0.0.4,38340,54.23615121841431,21.158391951425436,1
10.0.0.2,46157,10.0.0.4,38340,54.584089279174805,13.949854630435068,1
10.0.0.2,46157,10.0.0.4,38340,54.935373306274414,13.88310891449997,1
10.0.0.2,46157,10.0.0.4,38340,55.28294634819031,23.761474872894183,1
10.0.0.2,46157,10.0.0.4,38340,55.63198137283325,24.028457736634568,1
10.0.0.2,46157,10.0.0.4,38340,55.98270320892334,24.028457736634568,1
10.0.0.2,46157,10.0.0.4,38340,56.33191728591919,24.028457736634568,1
10.0.0.2,46157,10.0.0.4,38340,56.68310523033142,24.29544060037495,1
10.0.0.2,46157,10.0.0.4,38340,57.031036376953125,24.028457736634568,1
10.0.0.2,46157,10.0.0.4,38340,57.38011121749878,24.29544060037495,1
10.0.0.2,46157,10.0.0.4,38340,57.72758221626282,23.761474872894183,1
10.0.0.2,46157,10.0.0.4,38340,58.07523822784424,23.761474872894183,1
10.0.0.2,46157,10.0.0.4,38340,58.42409038543701,24.028457736634568,1
10.0.0.2,46157,10.0.0.4,38340,58.773009300231934,23.761474872894183,1
10.0.0.2,46157,10.0.0.4,38340,59.121493339538574,24.028457736634568,1
10.0.0.2,46157,10.0.0.4,38340,59.47031927108765,23.4944920091538,1
10.0.0.2,46157,10.0.0.4,38340,59.81773233413696,24.028457736634568,1
10.0.0.2,46157,10.0.0.4,38340,60.16670823097229,24.028457736634568,1
10.0.0.2,46157,10.0.0.4,38340,60.5160493850708,24.028457736634568,1
10.0.0.2,46157,10.0.0.4,38340,60.86620616912842,24.028457736634568,1
10.0.0.2,46157,10.0.0.4,38340,61.2156343460083,24.028457736634568,1
10.0.0.2,46157,10.0.0.4,38340,61.5646333694458,24.028457736634568,1
10.0.0.2,46157,10.0.0.4,38340,61.913599252700806,24.028457736634568,1
10.0.0.2,46157,10.0.0.4,38340,62.26254630088806,24.028457736634568,1
10.0.0.2,46157,10.0.0.4,38340,62.61042237281799,24.028457736634568,1
10.0.0.2,46157,10.0.0.4,38340,62.96078038215637,24.028457736634568,1
10.0.0.2,46157,10.0.0.4,38340,63.311625242233276,24.028457736634568,1
10.0.0.2,46157,10.0.0.4,38340,63.660423278808594,24.028457736634568,1
10.0.0.2,46157,10.0.0.4,38340,64.00940132141113,24.028457736634568,1
10.0.0.2,46157,10.0.0.4,38340,64.35678625106812,24.028457736634568,1
10.0.0.2,46157,10.0.0.4,38340,64.70700120925903,24.028457736634568,1
10.0.0.2,46157,10.0.0.4,38340,65.05462527275085,24.028457736634568,1
10.0.0.2,46157,10.0.0.4,38340,65.40183520317078,23.694729156959085,1
10.0.0.2,46157,10.0.0.4,38340,65.7516872882843,24.028457736634568,1
10.0.0.2,46157,10.0.0.4,38340,66.10049724578857,24.028457736634568,1
10.0.0.2,46157,10.0.0.4,38340,66.4479603767395,23.761474872894183,1
10.0.0.2,46157,10.0.0.4,38340,66.79677033424377,23.761474872894183,1
10.0.0.2,46157,10.0.0.4,38340,67.14485335350037,24.028457736634568,1
10.0.0.2,46157,10.0.0.4,38340,67.49376726150513,23.427746293218703,1
10.0.0.2,46157,10.0.0.4,38340,67.84143424034119,22.96052628167303,1
10.0.0.2,46157,10.0.0.4,38340,68.18870520591736,24.028457736634568,1
10.0.0.2,46157,10.0.0.4,38340,68.53875231742859,24.028457736634568,1
10.0.0.2,46157,10.0.0.4,38340,68.88835120201111,24.028457736634568,1
10.0.0.2,46157,10.0.0.4,38340,69.23717021942139,24.028457736634568,1
10.0.0.2,46157,10.0.0.4,38340,69.58616638183594,24.028457736634568,1
10.0.0.2,46157,10.0.0.4,38340,69.93551826477051,23.761474872894183,1
10.0.0.2,46157,10.0.0.4,38340,70.28441023826599,24.028457736634568,1
10.0.0.2,46157,10.0.0.4,38340,70.63300037384033,24.028457736634568,1
10.0.0.2,46157,10.0.0.4,38340,70.98119831085205,24.028457736634568,1
10.0.0.2,46157,10.0.0.4,38340,71.32844018936157,24.028457736634568,1
10.0.0.2,46157,10.0.0.4,38340,71.67830729484558,24.028457736634568,1
10.0.0.2,46157,10.0.0.4,38340,72.02760624885559,24.028457736634568,1
10.0.0.2,46157,10.0.0.4,38340,72.37643122673035,24.028457736634568,1
10.0.0.2,46157,10.0.0.4,38340,72.7266001701355,23.761474872894183,1
10.0.0.2,46157,10.0.0.4,38340,73.07378029823303,24.028457736634568,1
10.0.0.2,46157,10.0.0.4,38340,73.42126226425171,24.028457736634568,1
10.0.0.2,46157,10.0.0.4,38340,73.77019619941711,24.028457736634568,1
10.0.0.2,46157,10.0.0.4,38340,74.11956930160522,32.10468936478119,1
10.0.0.2,46157,10.0.0.4,38340,74.46693825721741,44.71962967651433,1
10.0.0.2,46157,10.0.0.4,38340,74.81624126434326,45.92105256334606,1
10.0.0.2,46157,10.0.0.4,38340,75.16583728790283,43.5849525056177,1
10.0.0.2,46157,10.0.0.4,38340,75.51295137405396,44.98661254025472,1
10.0.0.2,46157,10.0.0.4,38340,75.86343121528625,44.58613824464414,1
10.0.0.2,46157,10.0.0.4,38340,76.21057224273682,44.71962967651433,1
10.0.0.2,46157,10.0.0.4,38340,76.55772423744202,46.05454399521625,1
10.0.0.2,46157,10.0.0.4,38340,76.90521335601807,45.72081541554077,1
10.0.0.2,46157,10.0.0.4,38340,77.25450134277344,44.98661254025472,1
10.0.0.2,46157,10.0.0.4,38340,77.60331535339355,45.05335825618981,1
10.0.0.2,46157,10.0.0.4,38340,77.95043420791626,41.98305532317539,1
10.0.0.2,46157,10.0.0.4,38340,78.30059218406677,45.2535954039951,1
10.0.0.2,46157,10.0.0.4,38340,78.64779233932495,43.78518965342299,1
10.0.0.2,46157,10.0.0.4,38340,78.9949803352356,45.12010397212491,1
10.0.0.2,46157,10.0.0.4,38340,79.3421323299408,44.45264681277395,1
10.0.0.2,46157,10.0.0.4,38340,79.68925023078918,44.78637539244943,1
10.0.0.2,46157,10.0.0.4,38340,80.03698134422302,45.05335825618981,1
10.0.0.2,46157,10.0.0.4,38340,80.38411235809326,44.45264681277395,1
10.0.0.2,46157,10.0.0.4,38340,80.73135638237,44.51939252870904,1
10.0.0.2,46157,10.0.0.4,38340,81.0799252986908,42.38352961878597,1
10.0.0.2,46157,10.0.0.4,38340,81.42853236198425,43.71844393748789,1
10.0.0.2,46157,10.0.0.4,38340,81.77731227874756,45.58732398367058,1
10.0.0.2,46157,10.0.0.4,38340,82.12454032897949,45.3203411199302,1
10.0.0.2,46157,10.0.0.4,38340,82.47174525260925,44.38590109683885,1
10.0.0.2,46157,10.0.0.4,38340,82.82094526290894,42.58376676659126,1
10.0.0.2,46157,10.0.0.4,38340,83.1693332195282,46.45501829082683,1
10.0.0.2,46157,10.0.0.4,38340,83.51863527297974,43.98542680122828,1
10.0.0.2,46157,10.0.0.4,38340,83.86578321456909,44.31915538090376,1
10.0.0.2,46157,10.0.0.4,38340,84.21344137191772,41.98305532317539,1
10.0.0.2,46157,10.0.0.4,38340,84.56064534187317,43.5849525056177,1
10.0.0.2,46157,10.0.0.4,38340,84.90786528587341,45.58732398367058,1
10.0.0.2,46157,10.0.0.4,38340,85.25642728805542,45.05335825618981,1
10.0.0.2,46157,10.0.0.4,38340,85.60357522964478,41.8495638913052,1
10.0.0.2,46157,10.0.0.4,38340,85.95111417770386,44.05217251716337,1
10.0.0.2,46157,10.0.0.4,38340,86.29834222793579,42.25003818691578,1
10.0.0.2,46157,10.0.0.4,38340,86.64556837081909,42.45027533472107,1
10.0.0.2,46157,10.0.0.4,38340,86.99271035194397,44.58613824464414,1
10.0.0.2,46157,10.0.0.4,38340,87.341792345047,45.05335825618981,1
10.0.0.2,46157,10.0.0.4,38340,87.68893933296204,43.5849525056177,1
10.0.0.2,46157,10.0.0.4,38340,88.03613638877869,44.18566394903356,1
10.0.0.2,46157,10.0.0.4,38340,88.38569235801697,47.72318689359365,1
10.0.0.2,46157,10.0.0.4,38340,88.73286724090576,42.71725819846145,1
10.0.0.2,46157,10.0.0.4,38340,89.08036017417908,43.5182067896826,1
10.0.0.2,46157,10.0.0.4,38340,89.42748022079468,42.85074963033164,1
10.0.0.2,46157,10.0.0.4,38340,89.77465224266052,44.45264681277395,1
10.0.0.2,46157,10.0.0.4,38340,90.12454533576965,47.45620402985327,1
10.0.0.2,46157,10.0.0.4,38340,90.47370624542236,42.51702105065616,1
10.0.0.2,46157,10.0.0.4,38340,90.82103729248047,43.5849525056177,1
10.0.0.2,46157,10.0.0.4,38340,91.16820621490479,44.18566394903356,1
10.0.0.2,46157,10.0.0.4,38340,91.51537919044495,43.11773249407203,1
10.0.0.2,46157,10.0.0.4,38340,91.86280727386475,45.92105256334606,1
10.0.0.2,46157,10.0.0.4,38340,92.20997834205627,43.71844393748789,1
10.0.0.2,46157,10.0.0.4,38340,92.55838632583618,44.18566394903356,1
10.0.0.2,46157,10.0.0.4,38340,92.90707421302795,43.98542680122828,1
10.0.0.2,46157,10.0.0.4,38340,93.2543113231659,43.65169822155279,1
10.0.0.2,46157,10.0.0.4,38340,93.6032133102417,44.98661254025472,1
10.0.0.2,46157,10.0.0.4,38340,93.95086336135864,44.45264681277395,1
10.0.0.2,46157,10.0.0.4,38340,94.29799032211304,45.78756113147587,1
10.0.0.2,46157,10.0.0.4,38340,94.64600539207458,46.52176400676193,1
10.0.0.2,46157,10.0.0.4,38340,94.99318027496338,45.58732398367058,1
10.0.0.2,46157,10.0.0.4,38340,95.34205722808838,45.05335825618981,1
10.0.0.2,46157,10.0.0.4,38340,95.68923115730286,47.52294974578837,1
10.0.0.2,46157,10.0.0.4,38340,96.03640818595886,43.5849525056177,1
10.0.0.2,46157,10.0.0.4,38340,96.38677835464478,44.18566394903356,1
10.0.0.2,46157,10.0.0.4,38340,96.73395037651062,43.65169822155279,1
10.0.0.2,46157,10.0.0.4,38340,97.08125019073486,44.85312110838452,1
10.0.0.2,46157,10.0.0.4,38340,97.42971515655518,43.65169822155279,1
10.0.0.2,46157,10.0.0.4,38340,97.77685618400574,47.58969546172346,1
10.0.0.2,46157,10.0.0.4,38340,98.12546229362488,44.45264681277395,1
10.0.0.2,46157,10.0.0.4,38340,98.47353720664978,46.45501829082683,1
10.0.0.2,46157,10.0.0.4,38340,98.82066226005554,45.45383255180039,1
10.0.0.2,46157,10.0.0.4,38340,99.17080736160278,84.23309351009118,1
10.0.0.2,46157,10.0.0.4,38340,99.51801633834839,8.54345163969229,1
10.0.0.1,37603,10.0.0.3,45980,0.9213743209838867,4.872437263262009,1
10.0.0.1,37603,10.0.0.3,45980,1.269099235534668,39.780446697317224,1
10.0.0.1,37603,10.0.0.3,45980,1.6162192821502686,48.25715262107442,1
10.0.0.1,37603,10.0.0.3,45980,1.96342134475708,48.056915473269136,1
10.0.0.1,37603,10.0.0.3,45980,2.311526298522949,48.056915473269136,1
10.0.0.1,37603,10.0.0.3,45980,2.658755302429199,47.72318689359365,1
10.0.0.1,37603,10.0.0.3,45980,3.0059022903442383,47.58969546172346,1
10.0.0.1,37603,10.0.0.3,45980,3.35311222076416,48.056915473269136,1
10.0.0.1,37603,10.0.0.3,45980,3.703829288482666,48.056915473269136,1
10.0.0.1,37603,10.0.0.3,45980,4.051010370254517,47.52294974578837,1
10.0.0.1,37603,10.0.0.3,45980,4.398640155792236,48.056915473269136,1
10.0.0.1,37603,10.0.0.3,45980,4.747511386871338,48.056915473269136,1
10.0.0.1,37603,10.0.0.3,45980,5.094658374786377,48.056915473269136,1
10.0.0.1,37603,10.0.0.3,45980,5.441887378692627,47.58969546172346,1
10.0.0.1,37603,10.0.0.3,45980,5.789711236953735,48.056915473269136,1
10.0.0.1,37603,10.0.0.3,45980,6.138110160827637,48.056915473269136,1
10.0.0.1,37603,10.0.0.3,45980,6.487065315246582,48.056915473269136,1
10.0.0.1,37603,10.0.0.3,45980,6.836944341659546,49.25833836010086,1
10.0.0.1,37603,10.0.0.3,45980,7.184308290481567,48.45738976887971,1
10.0.0.1,37603,10.0.0.3,45980,7.53142523765564,48.19040690513933,1
10.0.0.1,37603,10.0.0.3,45980,7.879768371582031,48.056915473269136,1
10.0.0.1,37603,10.0.0.3,45980,8.226927280426025,47.45620402985327,1
10.0.0.1,37603,10.0.0.3,45980,8.576034307479858,48.056915473269136,1
10.0.0.1,37603,10.0.0.3,45980,8.925549268722534,48.056915473269136,1
10.0.0.1,37603,10.0.0.3,45980,9.27643632888794,48.79111834855519,1
10.0.0.1,37603,10.0.0.3,45980,9.623642206192017,47.12247545017779,1
10.0.0.1,37603,10.0.0.3,45980,9.973005294799805,48.056915473269136,1
10.0.0.1,37603,10.0.0.3,45980,10.32217025756836,49.658812655711436,1
10.0.0.1,37603,10.0.0.3,45980,10.669328212738037,48.19040690513933,1
10.0.0.1,37603,10.0.0.3,45980,11.017428159713745,48.056915473269136,1
10.0.0.1,37603,10.0.0.3,45980,11.364662170410156,47.58969546172346,1
10.0.0.1,37603,10.0.0.3,45980,11.712003231048584,48.056915473269136,1
10.0.0.1,37603,10.0.0.3,45980,12.062727212905884,48.056915473269136,1
10.0.0.1,37603,10.0.0.3,45980,12.412172317504883,48.056915473269136,1
10.0.0.1,37603,10.0.0.3,45980,12.761929273605347,48.056915473269136,1
10.0.0.1,37603,10.0.0.3,45980,13.112151384353638,49.59206693977634,1
10.0.0.1,37603,10.0.0.3,45980,13.459408283233643,48.056915473269136,1
10.0.0.1,37603,10.0.0.3,45980,13.808568239212036,49.658812655711436,1
10.0.0.1,37603,10.0.0.3,45980,14.155677318572998,47.12247545017779,1
10.0.0.1,37603,10.0.0.3,45980,14.50288724899292,46.9889840183076,1
10.0.0.1,37603,10.0.0.3,45980,14.85000729560852,47.45620402985327,1
10.0.0.1,37603,10.0.0.3,45980,15.199986219406128,48.056915473269136,1
10.0.0.1,37603,10.0.0.3,45980,15.549098253250122,49.12484692823067,1
10.0.0.1,37603,10.0.0.3,45980,15.89702033996582,48.056915473269136,1
10.0.0.1,37603,10.0.0.3,45980,16.246097326278687,48.056915473269136,1
10.0.0.1,37603,10.0.0.3,45980,16.59364128112793,48.056915473269136,1
10.0.0.1,37603,10.0.0.3,45980,16.94277834892273,48.056915473269136,1
10.0.0.1,37603,10.0.0.3,45980,17.291901350021362,48.056915473269136,1
10.0.0.1,37603,10.0.0.3,45980,17.640626192092896,48.056915473269136,1
10.0.0.1,37603,10.0.0.3,45980,17.98946237564087,48.056915473269136,1
10.0.0.1,37603,10.0.0.3,45980,18.33661437034607,48.390644052944616,1
10.0.0.1,37603,10.0.0.3,45980,18.68484616279602,48.056915473269136,1
10.0.0.1,37603,10.0.0.3,45980,19.033682346343994,49.59206693977634,1
10.0.0.1,37603,10.0.0.3,45980,19.38086724281311,47.18922116611289,1
10.0.0.1,37603,10.0.0.3,45980,19.730478286743164,48.056915473269136,1
10.0.0.1,37603,10.0.0.3,45980,20.07770323753357,47.58969546172346,1
10.0.0.1,37603,10.0.0.3,45980,20.42604637145996,48.056915473269136,1
10.0.0.1,37603,10.0.0.3,45980,20.77326726913452,47.58969546172346,1
10.0.0.1,37603,10.0.0.3,45980,21.12155818939209,48.056915473269136,1
10.0.0.1,37603,10.0.0.3,45980,21.46885919570923,48.056915473269136,1
10.0.0.1,37603,10.0.0.3,45980,21.818154335021973,48.056915473269136,1
10.0.0.1,37603,10.0.0.3,45980,22.1672682762146,48.056915473269136,1
10.0.0.1,37603,10.0.0.3,45980,22.51768732070923,48.056915473269136,1
10.0.0.1,37603,10.0.0.3,45980,22.86740231513977,48.056915473269136,1
10.0.0.1,37603,10.0.0.3,45980,23.21459937095642,47.52294974578837,1
10.0.0.1,37603,10.0.0.3,45980,23.565088272094727,48.056915473269136,1
10.0.0.1,37603,10.0.0.3,45980,23.912245273590088,47.58969546172346,1
10.0.0.1,37603,10.0.0.3,45980,24.260807275772095,49.32508407603596,1
10.0.0.1,37603,10.0.0.3,45980,24.60884428024292,48.056915473269136,1
10.0.0.1,37603,10.0.0.3,45980,24.95599937438965,47.45620402985327,1
10.0.0.1,37603,10.0.0.3,45980,25.304447174072266,48.056915473269136,1
10.0.0.1,37603,10.0.0.3,45980,25.65483832359314,48.056915473269136,1
10.0.0.1,37603,10.0.0.3,45980,26.003549337387085,48.12366118920423,1
10.0.0.1,37603,10.0.0.3,45980,26.350706338882446,48.12366118920423,1
10.0.0.1,37603,10.0.0.3,45980,26.69781517982483,47.38945831391817,1
10.0.0.1,37603,10.0.0.3,45980,27.04637122154236,47.05572973424269,1
10.0.0.1,37603,10.0.0.3,45980,27.393901348114014,48.056915473269136,1
10.0.0.1,37603,10.0.0.3,45980,27.742619276046753,48.056915473269136,1
10.0.0.1,37603,10.0.0.3,45980,28.092878341674805,49.32508407603596,1
10.0.0.1,37603,10.0.0.3,45980,28.44120216369629,48.056915473269136,1
10.0.0.1,37603,10.0.0.3,45980,28.790088176727295,48.056915473269136,1
10.0.0.1,37603,10.0.0.3,45980,29.13723134994507,47.58969546172346,1
10.0.0.1,37603,10.0.0.3,45980,29.48441219329834,48.25715262107442,1
10.0.0.1,37603,10.0.0.3,45980,29.83206534385681,48.056915473269136,1
10.0.0.1,37603,10.0.0.3,45980,30.179218292236328,47.32271259798308,1
10.0.0.1,37603,10.0.0.3,45980,30.528635263442993,48.056915473269136,1
10.0.0.1,37603,10.0.0.3,45980,30.87590718269348,47.92342404139894,1
10.0.0.1,37603,10.0.0.3,45980,31.22304916381836,47.78993260952875,1
10.0.0.1,37603,10.0.0.3,45980,31.572594165802002,48.056915473269136,1
10.0.0.1,37603,10.0.0.3,45980,31.919750213623047,47.32271259798308,1
10.0.0.1,37603,10.0.0.3,45980,32.267473220825195,48.056915473269136,1
10.0.0.1,37603,10.0.0.3,45980,32.61631226539612,48.056915473269136,1
10.0.0.1,37603,10.0.0.3,45980,32.965975284576416,48.056915473269136,1
10.0.0.1,37603,10.0.0.3,45980,33.31549119949341,48.056915473269136,1
10.0.0.1,37603,10.0.0.3,45980,33.664509296417236,48.056915473269136,1
10.0.0.1,37603,10.0.0.3,45980,34.013896226882935,48.056915473269136,1
10.0.0.1,37603,10.0.0.3,45980,34.363394260406494,48.056915473269136,1
10.0.0.1,37603,10.0.0.3,45980,34.710822343826294,47.78993260952875,1
10.0.0.1,37603,10.0.0.3,45980,35.05837631225586,48.056915473269136,1
10.0.0.1,37603,10.0.0.3,45980,35.40802717208862,49.12484692823067,1
10.0.0.1,37603,10.0.0.3,45980,35.7560453414917,48.19040690513933,1
10.0.0.1,37603,10.0.0.3,45980,36.10353636741638,48.056915473269136,1
10.0.0.1,37603,10.0.0.3,45980,36.4506733417511,47.05572973424269,1
10.0.0.1,37603,10.0.0.3,45980,36.798678159713745,49.45857550790615,1
10.0.0.1,37603,10.0.0.3,45980,37.147287368774414,48.056915473269136,1
10.0.0.1,37603,10.0.0.3,45980,37.49701738357544,48.056915473269136,1
10.0.0.1,37603,10.0.0.3,45980,37.84414625167847,47.38945831391817,1
10.0.0.1,37603,10.0.0.3,45980,38.19325923919678,48.056915473269136,1
10.0.0.1,37603,10.0.0.3,45980,38.54041624069214,47.52294974578837,1
10.0.0.1,37603,10.0.0.3,45980,38.88919520378113,49.25833836010086,1
10.0.0.1,37603,10.0.0.3,45980,39.23801326751709,48.056915473269136,1
10.0.0.1,37603,10.0.0.3,45980,39.58685827255249,49.391829791971055,1
10.0.0.1,37603,10.0.0.3,45980,39.93402338027954,49.058101212295576,1
10.0.0.1,37603,10.0.0.3,45980,40.28176021575928,48.056915473269136,1
10.0.0.1,37603,10.0.0.3,45980,40.62927031517029,49.12484692823067,1
10.0.0.1,37603,10.0.0.3,45980,40.976447343826294,47.45620402985327,1
10.0.0.1,37603,10.0.0.3,45980,41.32355618476868,49.92579551945182,1
10.0.0.1,37603,10.0.0.3,45980,41.670724391937256,47.38945831391817,1
10.0.0.1,37603,10.0.0.3,45980,42.01789331436157,47.52294974578837,1
10.0.0.1,37603,10.0.0.3,45980,42.36658334732056,48.056915473269136,1
10.0.0.1,37603,10.0.0.3,45980,42.71393632888794,48.524135484814806,1
10.0.0.1,37603,10.0.0.3,45980,43.062071323394775,49.191592644165766,1
10.0.0.1,37603,10.0.0.3,45980,43.40920829772949,47.38945831391817,1
10.0.0.1,37603,10.0.0.3,45980,43.75840926170349,48.056915473269136,1
10.0.0.1,37603,10.0.0.3,45980,44.108399391174316,49.45857550790615,1
10.0.0.1,37603,10.0.0.3,45980,44.455525159835815,47.12247545017779,1
10.0.0.1,37603,10.0.0.3,45980,44.80331015586853,48.724372632620096,1
10.0.0.1,37603,10.0.0.3,45980,45.151904344558716,48.056915473269136,1
10.0.0.1,37603,10.0.0.3,45980,45.499022245407104,47.52294974578837,1
10.0.0.1,37603,10.0.0.3,45980,45.84632635116577,48.056915473269136,1
10.0.0.1,37603,10.0.0.3,45980,46.19484519958496,49.525321223841246,1
10.0.0.1,37603,10.0.0.3,45980,46.54203820228577,47.05572973424269,1
10.0.0.1,37603,10.0.0.3,45980,46.889838218688965,48.79111834855519,1
10.0.0.1,37603,10.0.0.3,45980,47.23956537246704,48.056915473269136,1
10.0.0.1,37603,10.0.0.3,45980,47.5867702960968,48.45738976887971,1
10.0.0.1,37603,10.0.0.3,45980,47.93400025367737,47.45620402985327,1
10.0.0.1,37603,10.0.0.3,45980,48.282262325286865,48.056915473269136,1
10.0.0.1,37603,10.0.0.3,45980,48.63125228881836,48.056915473269136,1
10.0.0.1,37603,10.0.0.3,45980,48.97838521003723,47.58969546172346,1
10.0.0.1,37603,10.0.0.3,45980,49.325576305389404,46.85549258643741,1
10.0.0.1,37603,10.0.0.3,45980,49.6748583316803,48.056915473269136,1
10.0.0.1,37603,10.0.0.3,45980,50.02197217941284,47.25596688204798,1
10.0.0.1,37603,10.0.0.3,45980,50.369110345840454,49.859049803516726,1
10.0.0.1,37603,10.0.0.3,45980,50.717692375183105,48.056915473269136,1
10.0.0.1,37603,10.0.0.3,45980,51.064863204956055,48.25715262107442,1
10.0.0.1,37603,10.0.0.3,45980,51.41345429420471,48.657626916685,1
10.0.0.1,37603,10.0.0.3,45980,51.760855197906494,47.99016975733404,1
10.0.0.1,37603,10.0.0.3,45980,52.10956025123596,48.056915473269136,1
10.0.0.1,37603,10.0.0.3,45980,52.45840930938721,48.056915473269136,1
10.0.0.1,37603,10.0.0.3,45980,52.80553126335144,46.65525543863212,1
10.0.0.1,37603,10.0.0.3,45980,53.1527373790741,47.05572973424269,1
10.0.0.1,37603,10.0.0.3,45980,53.50167632102966,48.12366118920423,1
10.0.0.1,37603,10.0.0.3,45980,53.85170531272888,48.056915473269136,1
10.0.0.1,37603,10.0.0.3,45980,54.20061016082764,68.28086740160323,1
10.0.0.1,37603,10.0.0.3,45980,54.54773020744324,82.030484884233,1
10.0.0.1,37603,10.0.0.3,45980,54.89491820335388,80.09485912211522,1
10.0.0.1,37603,10.0.0.3,45980,55.24212837219238,71.08418747087725,1
10.0.0.1,37603,10.0.0.3,45980,55.58934736251831,70.81720460713687,1
10.0.0.1,37603,10.0.0.3,45980,55.93654227256775,71.55140748242293,1
10.0.0.1,37603,10.0.0.3,45980,56.283708333969116,70.81720460713687,1
10.0.0.1,37603,10.0.0.3,45980,56.630859375,70.81720460713687,1
10.0.0.1,37603,10.0.0.3,45980,56.97799324989319,71.41791605055273,1
10.0.0.1,37603,10.0.0.3,45980,57.32516121864319,70.55022174339649,1
10.0.0.1,37603,10.0.0.3,45980,57.67350125312805,70.68371317526669,1
10.0.0.1,37603,10.0.0.3,45980,58.02160930633545,70.81720460713687,1
10.0.0.1,37603,10.0.0.3,45980,58.36888122558594,71.81839034616331,1
10.0.0.1,37603,10.0.0.3,45980,58.71611022949219,72.21886464177389,1
10.0.0.1,37603,10.0.0.3,45980,59.06433820724487,72.0853732099037,1
10.0.0.1,37603,10.0.0.3,45980,59.41151428222656,70.81720460713687,1
10.0.0.1,37603,10.0.0.3,45980,59.75873637199402,71.55140748242293,1
10.0.0.1,37603,10.0.0.3,45980,60.10592222213745,72.0853732099037,1
10.0.0.1,37603,10.0.0.3,45980,60.45481324195862,72.0853732099037,1
10.0.0.1,37603,10.0.0.3,45980,60.80201315879822,72.01862749396861,1
10.0.0.1,37603,10.0.0.3,45980,61.149160385131836,71.61815319835803,1
10.0.0.1,37603,10.0.0.3,45980,61.496809244155884,72.0853732099037,1
10.0.0.1,37603,10.0.0.3,45980,61.84393620491028,71.81839034616331,1
10.0.0.1,37603,10.0.0.3,45980,62.19108533859253,72.0853732099037,1
10.0.0.1,37603,10.0.0.3,45980,62.540064334869385,71.48466176648783,1
10.0.0.1,37603,10.0.0.3,45980,62.88870620727539,72.0853732099037,1
10.0.0.1,37603,10.0.0.3,45980,63.2360463142395,72.0853732099037,1
10.0.0.1,37603,10.0.0.3,45980,63.58324718475342,70.81720460713687,1
10.0.0.1,37603,10.0.0.3,45980,63.93040132522583,72.0853732099037,1
10.0.0.1,37603,10.0.0.3,45980,64.27757835388184,71.15093318681235,1
10.0.0.1,37603,10.0.0.3,45980,64.62475824356079,71.41791605055273,1
10.0.0.1,37603,10.0.0.3,45980,64.9723482131958,71.41791605055273,1
10.0.0.1,37603,10.0.0.3,45980,65.31947016716003,71.55140748242293,1
10.0.0.1,37603,10.0.0.3,45980,65.66664528846741,71.88513606209841,1
10.0.0.1,37603,10.0.0.3,45980,66.01389718055725,72.0853732099037,1
10.0.0.1,37603,10.0.0.3,45980,66.36103415489197,71.28442461868255,1
10.0.0.1,37603,10.0.0.3,45980,66.7082302570343,71.61815319835803,1
10.0.0.1,37603,10.0.0.3,45980,67.05585217475891,72.01862749396861,1
10.0.0.1,37603,10.0.0.3,45980,67.4038872718811,70.3499845955912,1
10.0.0.1,37603,10.0.0.3,45980,67.75106525421143,69.34879885656476,1
10.0.0.1,37603,10.0.0.3,45980,68.09829235076904,71.28442461868255,1
10.0.0.1,37603,10.0.0.3,45980,68.4454972743988,71.01744175494217,1
10.0.0.1,37603,10.0.0.3,45980,68.79266023635864,71.21767890274745,1
10.0.0.1,37603,10.0.0.3,45980,69.14063930511475,72.0853732099037,1
10.0.0.1,37603,10.0.0.3,45980,69.48946619033813,72.0853732099037,1
10.0.0.1,37603,10.0.0.3,45980,69.83664727210999,71.21767890274745,1
10.0.0.1,37603,10.0.0.3,45980,70.18376231193542,72.0853732099037,1
10.0.0.1,37603,10.0.0.3,45980,70.53161716461182,72.0853732099037,1
10.0.0.1,37603,10.0.0.3,45980,70.87873220443726,70.28323887965611,1
10.0.0.1,37603,10.0.0.3,45980,71.22585034370422,71.61815319835803,1
10.0.0.1,37603,10.0.0.3,45980,71.57414126396179,72.0853732099037,1
10.0.0.1,37603,10.0.0.3,45980,71.92273330688477,72.0853732099037,1
10.0.0.1,37603,10.0.0.3,45980,72.26989316940308,71.81839034616331,1
10.0.0.1,37603,10.0.0.3,45980,72.61716628074646,70.95069603900707,1
10.0.0.1,37603,10.0.0.3,45980,72.96428728103638,71.61815319835803,1
10.0.0.1,37603,10.0.0.3,45980,73.31165933609009,71.68489891429313,1
10.0.0.1,37603,10.0.0.3,45980,73.65877532958984,71.88513606209841,1
10.0.0.1,37603,10.0.0.3,45980,74.00593519210815,71.21767890274745,1
10.0.0.1,37603,10.0.0.3,45980,74.35422039031982,52.261895577180184,1
10.0.0.1,37603,10.0.0.3,45980,74.7035002708435,52.862607020596045,1
10.0.0.1,37603,10.0.0.3,45980,75.05219221115112,52.862607020596045,1
10.0.0.1,37603,10.0.0.3,45980,75.40135717391968,51.794675565634506,1
10.0.0.1,37603,10.0.0.3,45980,75.74856328964233,53.5968098958821,1
10.0.0.1,37603,10.0.0.3,45980,76.09783816337585,51.060472690348455,1
10.0.0.1,37603,10.0.0.3,45980,76.44499635696411,49.59206693977634,1
10.0.0.1,37603,10.0.0.3,45980,76.79211235046387,51.127218406283546,1
10.0.0.1,37603,10.0.0.3,45980,77.1424012184143,49.525321223841246,1
10.0.0.1,37603,10.0.0.3,45980,77.48957920074463,51.994912713439795,1
10.0.0.1,37603,10.0.0.3,45980,77.83670020103455,50.192778383192206,1
10.0.0.1,37603,10.0.0.3,45980,78.18446326255798,51.060472690348455,1
10.0.0.1,37603,10.0.0.3,45980,78.53163719177246,48.390644052944616,1
10.0.0.1,37603,10.0.0.3,45980,78.88182830810547,48.056915473269136,1
10.0.0.1,37603,10.0.0.3,45980,79.23198437690735,51.060472690348455,1
10.0.0.1,37603,10.0.0.3,45980,79.57913517951965,49.058101212295576,1
10.0.0.1,37603,10.0.0.3,45980,79.92850637435913,52.261895577180184,1
10.0.0.1,37603,10.0.0.3,45980,80.27568817138672,53.26308131620662,1
10.0.0.1,37603,10.0.0.3,45980,80.62446737289429,50.993726974413356,1
10.0.0.1,37603,10.0.0.3,45980,80.97158122062683,50.12603266725711,1
10.0.0.1,37603,10.0.0.3,45980,81.31934928894043,51.060472690348455,1
10.0.0.1,37603,10.0.0.3,45980,81.66943526268005,54.06402990742777,1
10.0.0.1,37603,10.0.0.3,45980,82.01928615570068,50.326269815062396,1
10.0.0.1,37603,10.0.0.3,45980,82.36741137504578,51.394201270023935,1
10.0.0.1,37603,10.0.0.3,45980,82.71695518493652,51.060472690348455,1
10.0.0.1,37603,10.0.0.3,45980,83.06768727302551,49.859049803516726,1
10.0.0.1,37603,10.0.0.3,45980,83.41480231285095,50.526506962867686,1
10.0.0.1,37603,10.0.0.3,45980,83.76222729682922,52.59562415685566,1
10.0.0.1,37603,10.0.0.3,45980,84.11181330680847,51.060472690348455,1
10.0.0.1,37603,10.0.0.3,45980,84.45947027206421,49.859049803516726,1
10.0.0.1,37603,10.0.0.3,45980,84.80669927597046,49.859049803516726,1
10.0.0.1,37603,10.0.0.3,45980,85.15584135055542,52.128404145309986,1
10.0.0.1,37603,10.0.0.3,45980,85.5051372051239,48.056915473269136,1
10.0.0.1,37603,10.0.0.3,45980,85.85229134559631,51.794675565634506,1
10.0.0.1,37603,10.0.0.3,45980,86.19950723648071,53.46331846401191,1
10.0.0.1,37603,10.0.0.3,45980,86.54757022857666,53.062844168401334,1
10.0.0.1,37603,10.0.0.3,45980,86.89509129524231,48.19040690513933,1
10.0.0.1,37603,10.0.0.3,45980,87.24223136901855,50.259524099127304,1
10.0.0.1,37603,10.0.0.3,45980,87.59170436859131,49.25833836010086,1
10.0.0.1,37603,10.0.0.3,45980,87.93887829780579,50.192778383192206,1
10.0.0.1,37603,10.0.0.3,45980,88.28602337837219,51.661184133764316,1
10.0.0.1,37603,10.0.0.3,45980,88.63318729400635,52.662369872790755,1
10.0.0.1,37603,10.0.0.3,45980,88.98281621932983,52.862607020596045,1
10.0.0.1,37603,10.0.0.3,45980,89.33116316795349,51.260709838153744,1
10.0.0.1,37603,10.0.0.3,45980,89.68193817138672,52.328641293115275,1
10.0.0.1,37603,10.0.0.3,45980,90.02912735939026,50.259524099127304,1
10.0.0.1,37603,10.0.0.3,45980,90.37625026702881,48.79111834855519,1
10.0.0.1,37603,10.0.0.3,45980,90.72351026535034,48.45738976887971,1
10.0.0.1,37603,10.0.0.3,45980,91.07255434989929,49.859049803516726,1
10.0.0.1,37603,10.0.0.3,45980,91.42169237136841,54.06402990742777,1
10.0.0.1,37603,10.0.0.3,45980,91.77192115783691,49.859049803516726,1
10.0.0.1,37603,10.0.0.3,45980,92.12120032310486,53.329827032141715,1
10.0.0.1,37603,10.0.0.3,45980,92.47020030021667,52.261895577180184,1
10.0.0.1,37603,10.0.0.3,45980,92.81908535957336,49.25833836010086,1
10.0.0.1,37603,10.0.0.3,45980,93.1662483215332,51.060472690348455,1
10.0.0.1,37603,10.0.0.3,45980,93.51439237594604,50.593252678802784,1
10.0.0.1,37603,10.0.0.3,45980,93.86160135269165,49.525321223841246,1
10.0.0.1,37603,10.0.0.3,45980,94.2118923664093,51.060472690348455,1
10.0.0.1,37603,10.0.0.3,45980,94.5592873096466,49.859049803516726,1
10.0.0.1,37603,10.0.0.3,45980,94.90649318695068,49.92579551945182,1
10.0.0.1,37603,10.0.0.3,45980,95.25388026237488,51.928166997504704,1
10.0.0.1,37603,10.0.0.3,45980,95.60433435440063,51.060472690348455,1
10.0.0.1,37603,10.0.0.3,45980,95.95147228240967,51.794675565634506,1
10.0.0.1,37603,10.0.0.3,45980,96.2986421585083,50.45976124693259,1
10.0.0.1,37603,10.0.0.3,45980,96.64929127693176,52.195149861245085,1
10.0.0.1,37603,10.0.0.3,45980,96.99888515472412,51.861421281569605,1
10.0.0.1,37603,10.0.0.3,45980,97.34917330741882,51.060472690348455,1
10.0.0.1,37603,10.0.0.3,45980,97.69788026809692,48.056915473269136,1
10.0.0.1,37603,10.0.0.3,45980,98.0450291633606,50.526506962867686,1
10.0.0.1,37603,10.0.0.3,45980,98.39224028587341,50.45976124693259,1
10.0.0.1,37603,10.0.0.3,45980,98.73943018913269,50.326269815062396,1
10.0.0.1,37603,10.0.0.3,45980,99.08953738212585,36.04268660495185,1
10.0.0.2,46157,10.0.0.4,38340,0.6356973648071289,59.06995860255998,2
10.0.0.2,46157,10.0.0.4,38340,0.9843833446502686,87.70387073871616,2
10.0.0.2,46157,10.0.0.4,38340,1.332151174545288,50.192778383192206,2
10.0.0.2,46157,10.0.0.4,38340,1.6837701797485352,48.056915473269136,2
10.0.0.2,46157,10.0.0.4,38340,2.0311942100524902,48.056915473269136,2
10.0.0.2,46157,10.0.0.4,38340,2.378936290740967,45.78756113147587,2
10.0.0.2,46157,10.0.0.4,38340,2.726447343826294,47.25596688204798,2
10.0.0.2,46157,10.0.0.4,38340,3.0757863521575928,48.056915473269136,2
10.0.0.2,46157,10.0.0.4,38340,3.4247682094573975,48.056915473269136,2
10.0.0.2,46157,10.0.0.4,38340,3.7718963623046875,47.38945831391817,2
10.0.0.2,46157,10.0.0.4,38340,4.121277332305908,48.056915473269136,2
10.0.0.2,46157,10.0.0.4,38340,4.470547199249268,48.056915473269136,2
10.0.0.2,46157,10.0.0.4,38340,4.820105314254761,48.056915473269136,2
10.0.0.2,46157,10.0.0.4,38340,5.167470216751099,48.056915473269136,2
10.0.0.2,46157,10.0.0.4,38340,5.517304182052612,48.056915473269136,2
10.0.0.2,46157,10.0.0.4,38340,5.867340326309204,46.52176400676193,2
10.0.0.2,46157,10.0.0.4,38340,6.215696334838867,48.056915473269136,2
10.0.0.2,46157,10.0.0.4,38340,6.565412282943726,48.056915473269136,2
10.0.0.2,46157,10.0.0.4,38340,6.91407036781311,48.056915473269136,2
10.0.0.2,46157,10.0.0.4,38340,7.263366222381592,48.056915473269136,2
10.0.0.2,46157,10.0.0.4,38340,7.612602233886719,47.32271259798308,2
10.0.0.2,46157,10.0.0.4,38340,7.963275194168091,48.056915473269136,2
10.0.0.2,46157,10.0.0.4,38340,8.314225196838379,48.056915473269136,2
10.0.0.2,46157,10.0.0.4,38340,8.664432287216187,48.056915473269136,2
10.0.0.2,46157,10.0.0.4,38340,9.01510214805603,48.056915473269136,2
10.0.0.2,46157,10.0.0.4,38340,9.364225149154663,48.056915473269136,2
10.0.0.2,46157,10.0.0.4,38340,9.711507320404053,48.056915473269136,2
10.0.0.2,46157,10.0.0.4,38340,10.061511278152466,48.056915473269136,2
10.0.0.2,46157,10.0.0.4,38340,10.408722162246704,47.32271259798308,2
10.0.0.2,46157,10.0.0.4,38340,10.755998373031616,47.32271259798308,2
10.0.0.2,46157,10.0.0.4,38340,11.105124235153198,48.056915473269136,2
10.0.0.2,46157,10.0.0.4,38340,11.45291018486023,47.65644117765856,2
10.0.0.2,46157,10.0.0.4,38340,11.80044436454773,48.056915473269136,2
10.0.0.2,46157,10.0.0.4,38340,12.151281356811523,48.056915473269136,2
10.0.0.2,46157,10.0.0.4,38340,12.501013278961182,48.056915473269136,2
10.0.0.2,46157,10.0.0.4,38340,12.84816026687622,48.056915473269136,2
10.0.0.2,46157,10.0.0.4,38340,13.197998285293579,48.056915473269136,2
10.0.0.2,46157,10.0.0.4,38340,13.547905206680298,48.056915473269136,2
10.0.0.2,46157,10.0.0.4,38340,13.895068168640137,47.38945831391817,2
10.0.0.2,46157,10.0.0.4,38340,14.24276328086853,47.32271259798308,2
10.0.0.2,46157,10.0.0.4,38340,14.589906215667725,47.32271259798308,2
10.0.0.2,46157,10.0.0.4,38340,14.93840217590332,48.056915473269136,2
10.0.0.2,46157,10.0.0.4,38340,15.288477182388306,48.056915473269136,2
10.0.0.2,46157,10.0.0.4,38340,15.636563301086426,48.056915473269136,2
10.0.0.2,46157,10.0.0.4,38340,15.984976291656494,48.056915473269136,2
10.0.0.2,46157,10.0.0.4,38340,16.335381269454956,48.056915473269136,2
10.0.0.2,46157,10.0.0.4,38340,16.68295121192932,47.25596688204798,2
10.0.0.2,46157,10.0.0.4,38340,17.031553268432617,48.056915473269136,2
10.0.0.2,46157,10.0.0.4,38340,17.378721237182617,46.78874687050231,2
10.0.0.2,46157,10.0.0.4,38340,17.729352235794067,48.056915473269136,2
10.0.0.2,46157,10.0.0.4,38340,18.078073263168335,48.056915473269136,2
10.0.0.2,46157,10.0.0.4,38340,18.426124334335327,48.056915473269136,2
10.0.0.2,46157,10.0.0.4,38340,18.77348017692566,48.056915473269136,2
10.0.0.2,46157,10.0.0.4,38340,19.122297286987305,48.056915473269136,2
10.0.0.2,46157,10.0.0.4,38340,19.470003366470337,47.32271259798308,2
10.0.0.2,46157,10.0.0.4,38340,19.818501234054565,48.056915473269136,2
10.0.0.2,46157,10.0.0.4,38340,20.169248342514038,48.056915473269136,2
10.0.0.2,46157,10.0.0.4,38340,20.516704320907593,47.25596688204798,2
10.0.0.2,46157,10.0.0.4,38340,20.866247177124023,48.056915473269136,2
10.0.0.2,46157,10.0.0.4,38340,21.215278148651123,47.32271259798308,2
10.0.0.2,46157,10.0.0.4,38340,21.56317114830017,47.72318689359365,2
10.0.0.2,46157,10.0.0.4,38340,21.911124229431152,48.056915473269136,2
10.0.0.2,46157,10.0.0.4,38340,22.260573148727417,48.056915473269136,2
10.0.0.2,46157,10.0.0.4,38340,22.60775327682495,47.25596688204798,2
10.0.0.2,46157,10.0.0.4,38340,22.956977367401123,48.056915473269136,2
10.0.0.2,46157,10.0.0.4,38340,23.308067321777344,48.056915473269136,2
10.0.0.2,46157,10.0.0.4,38340,23.65877628326416,48.056915473269136,2
10.0.0.2,46157,10.0.0.4,38340,24.00986123085022,48.056915473269136,2
10.0.0.2,46157,10.0.0.4,38340,24.357409238815308,45.58732398367058,2
10.0.0.2,46157,10.0.0.4,38340,24.708778142929077,46.52176400676193,2
10.0.0.2,46157,10.0.0.4,38340,25.05925416946411,48.056915473269136,2
10.0.0.2,46157,10.0.0.4,38340,25.410582304000854,48.056915473269136,2
10.0.0.2,46157,10.0.0.4,38340,25.75972032546997,48.056915473269136,2
10.0.0.2,46157,10.0.0.4,38340,26.10877823829651,48.056915473269136,2
10.0.0.2,46157,10.0.0.4,38340,26.456148147583008,48.056915473269136,2
10.0.0.2,46157,10.0.0.4,38340,26.806623220443726,48.056915473269136,2
10.0.0.2,46157,10.0.0.4,38340,27.154561281204224,48.056915473269136,2
10.0.0.2,46157,10.0.0.4,38340,27.504234313964844,48.056915473269136,2
10.0.0.2,46157,10.0.0.4,38340,27.85383629798889,48.056915473269136,2
10.0.0.2,46157,10.0.0.4,38340,28.2017023563385,48.056915473269136,2
10.0.0.2,46157,10.0.0.4,38340,28.551034212112427,48.056915473269136,2
10.0.0.2,46157,10.0.0.4,38340,28.90001130104065,48.056915473269136,2
10.0.0.2,46157,10.0.0.4,38340,29.250813245773315,48.056915473269136,2
10.0.0.2,46157,10.0.0.4,38340,29.599493265151978,48.056915473269136,2
10.0.0.2,46157,10.0.0.4,38340,29.949655294418335,48.056915473269136,2
10.0.0.2,46157,10.0.0.4,38340,30.299927234649658,48.056915473269136,2
10.0.0.2,46157,10.0.0.4,38340,30.651005268096924,48.056915473269136,2
10.0.0.2,46157,10.0.0.4,38340,31.00271725654602,48.056915473269136,2
10.0.0.2,46157,10.0.0.4,38340,31.35018014907837,45.78756113147587,2
10.0.0.2,46157,10.0.0.4,38340,31.699000358581543,45.05335825618981,2
10.0.0.2,46157,10.0.0.4,38340,32.050236225128174,48.056915473269136,2
10.0.0.2,46157,10.0.0.4,38340,32.399670362472534,48.056915473269136,2
10.0.0.2,46157,10.0.0.4,38340,32.74927735328674,48.056915473269136,2
10.0.0.2,46157,10.0.0.4,38340,33.098862171173096,46.58850972269702,2
10.0.0.2,46157,10.0.0.4,38340,33.44735527038574,48.056915473269136,2
10.0.0.2,46157,10.0.0.4,38340,33.79614329338074,48.056915473269136,2
10.0.0.2,46157,10.0.0.4,38340,34.14590334892273,48.056915473269136,2
10.0.0.2,46157,10.0.0.4,38340,34.49501132965088,48.056915473269136,2
10.0.0.2,46157,10.0.0.4,38340,34.8425133228302,47.25596688204798,2
10.0.0.2,46157,10.0.0.4,38340,35.19143223762512,48.056915473269136,2
10.0.0.2,46157,10.0.0.4,38340,35.538777351379395,47.32271259798308,2
10.0.0.2,46157,10.0.0.4,38340,35.88766527175903,48.056915473269136,2
10.0.0.2,46157,10.0.0.4,38340,36.23532223701477,47.25596688204798,2
10.0.0.2,46157,10.0.0.4,38340,36.58351016044617,48.056915473269136,2
10.0.0.2,46157,10.0.0.4,38340,36.93164420127869,47.32271259798308,2
10.0.0.2,46157,10.0.0.4,38340,37.27929925918579,48.056915473269136,2
10.0.0.2,46157,10.0.0.4,38340,37.629255294799805,48.056915473269136,2
10.0.0.2,46157,10.0.0.4,38340,37.97669219970703,48.056915473269136,2
10.0.0.2,46157,10.0.0.4,38340,38.32627034187317,48.056915473269136,2
10.0.0.2,46157,10.0.0.4,38340,38.675865173339844,48.056915473269136,2
10.0.0.2,46157,10.0.0.4,38340,39.02297830581665,45.05335825618981,2
10.0.0.2,46157,10.0.0.4,38340,39.3702712059021,48.056915473269136,2
10.0.0.2,46157,10.0.0.4,38340,39.721673250198364,48.056915473269136,2
10.0.0.2,46157,10.0.0.4,38340,40.070255279541016,48.056915473269136,2
10.0.0.2,46157,10.0.0.4,38340,40.41936731338501,46.52176400676193,2
10.0.0.2,46157,10.0.0.4,38340,40.76952934265137,46.52176400676193,2
10.0.0.2,46157,10.0.0.4,38340,41.11682915687561,45.85430684741096,2
10.0.0.2,46157,10.0.0.4,38340,41.467942237854004,48.056915473269136,2
10.0.0.2,46157,10.0.0.4,38340,41.81696534156799,46.52176400676193,2
10.0.0.2,46157,10.0.0.4,38340,42.164836168289185,48.056915473269136,2
10.0.0.2,46157,10.0.0.4,38340,42.51480031013489,48.056915473269136,2
10.0.0.2,46157,10.0.0.4,38340,42.86238121986389,47.38945831391817,2
10.0.0.2,46157,10.0.0.4,38340,43.21020221710205,46.52176400676193,2
10.0.0.2,46157,10.0.0.4,38340,43.55838632583618,48.056915473269136,2
10.0.0.2,46157,10.0.0.4,38340,43.9076943397522,48.056915473269136,2
10.0.0.2,46157,10.0.0.4,38340,44.25978636741638,48.056915473269136,2
10.0.0.2,46157,10.0.0.4,38340,44.60951519012451,47.32271259798308,2
10.0.0.2,46157,10.0.0.4,38340,44.957093238830566,46.52176400676193,2
10.0.0.2,46157,10.0.0.4,38340,45.305734157562256,48.056915473269136,2
10.0.0.2,46157,10.0.0.4,38340,45.65585136413574,48.056915473269136,2
10.0.0.2,46157,10.0.0.4,38340,46.00681829452515,48.056915473269136,2
10.0.0.2,46157,10.0.0.4,38340,46.35705828666687,48.056915473269136,2
10.0.0.2,46157,10.0.0.4,38340,46.70729422569275,48.056915473269136,2
10.0.0.2,46157,10.0.0.4,38340,47.058436155319214,48.056915473269136,2
10.0.0.2,46157,10.0.0.4,38340,47.405545234680176,46.78874687050231,2
10.0.0.2,46157,10.0.0.4,38340,47.75437331199646,46.45501829082683,2
10.0.0.2,46157,10.0.0.4,38340,48.102386236190796,48.056915473269136,2
10.0.0.2,46157,10.0.0.4,38340,48.45157814025879,48.056915473269136,2
10.0.0.2,46157,10.0.0.4,38340,48.801584243774414,48.056915473269136,2
10.0.0.2,46157,10.0.0.4,38340,49.148720264434814,46.65525543863212,2
10.0.0.2,46157,10.0.0.4,38340,49.49629020690918,48.056915473269136,2
10.0.0.2,46157,10.0.0.4,38340,49.84738636016846,48.056915473269136,2
10.0.0.2,46157,10.0.0.4,38340,50.19646620750427,48.056915473269136,2
10.0.0.2,46157,10.0.0.4,38340,50.547476291656494,48.056915473269136,2
10.0.0.2,46157,10.0.0.4,38340,50.894755363464355,48.056915473269136,2
10.0.0.2,46157,10.0.0.4,38340,51.24392628669739,48.056915473269136,2
10.0.0.2,46157,10.0.0.4,38340,51.59316325187683,48.056915473269136,2
10.0.0.2,46157,10.0.0.4,38340,51.9419891834259,48.056915473269136,2
10.0.0.2,46157,10.0.0.4,38340,52.29120922088623,46.58850972269702,2
10.0.0.2,46157,10.0.0.4,38340,52.63965320587158,48.056915473269136,2
10.0.0.2,46157,10.0.0.4,38340,52.986833333969116,47.32271259798308,2
10.0.0.2,46157,10.0.0.4,38340,53.334232330322266,45.78756113147587,2
10.0.0.2,46157,10.0.0.4,38340,53.68197417259216,48.056915473269136,2
10.0.0.2,46157,10.0.0.4,38340,54.032490253448486,44.31915538090376,2
10.0.0.2,46157,10.0.0.4,38340,54.38479423522949,14.216837494175453,2
10.0.0.2,46157,10.0.0.4,38340,54.73454833030701,14.150091778240355,2
10.0.0.2,46157,10.0.0.4,38340,55.08242130279541,21.024900519555246,2
10.0.0.2,46157,10.0.0.4,38340,55.43237829208374,24.028457736634568,2
10.0.0.2,46157,10.0.0.4,38340,55.779534339904785,24.028457736634568,2
10.0.0.2,46157,10.0.0.4,38340,56.12876319885254,24.028457736634568,2
10.0.0.2,46157,10.0.0.4,38340,56.476001262664795,23.4944920091538,2
10.0.0.2,46157,10.0.0.4,38340,56.8265061378479,24.028457736634568,2
10.0.0.2,46157,10.0.0.4,38340,57.17368125915527,23.4944920091538,2
10.0.0.2,46157,10.0.0.4,38340,57.52097129821777,24.028457736634568,2
10.0.0.2,46157,10.0.0.4,38340,57.8705952167511,23.761474872894183,2
10.0.0.2,46157,10.0.0.4,38340,58.22086524963379,24.028457736634568,2
10.0.0.2,46157,10.0.0.4,38340,58.57065033912659,24.028457736634568,2
10.0.0.2,46157,10.0.0.4,38340,58.91864633560181,24.028457736634568,2
10.0.0.2,46157,10.0.0.4,38340,59.26801919937134,24.028457736634568,2
10.0.0.2,46157,10.0.0.4,38340,59.615538358688354,23.761474872894183,2
10.0.0.2,46157,10.0.0.4,38340,59.96355628967285,24.028457736634568,2
10.0.0.2,46157,10.0.0.4,38340,60.312382221221924,23.427746293218703,2
10.0.0.2,46157,10.0.0.4,38340,60.66143226623535,24.028457736634568,2
10.0.0.2,46157,10.0.0.4,38340,61.0098991394043,24.028457736634568,2
10.0.0.2,46157,10.0.0.4,38340,61.35853815078735,24.028457736634568,2
10.0.0.2,46157,10.0.0.4,38340,61.708372354507446,24.028457736634568,2
10.0.0.2,46157,10.0.0.4,38340,62.058645248413086,24.028457736634568,2
10.0.0.2,46157,10.0.0.4,38340,62.40921425819397,24.028457736634568,2
10.0.0.2,46157,10.0.0.4,38340,62.75675415992737,24.028457736634568,2
10.0.0.2,46157,10.0.0.4,38340,63.106497287750244,23.761474872894183,2
10.0.0.2,46157,10.0.0.4,38340,63.45416831970215,24.028457736634568,2
10.0.0.2,46157,10.0.0.4,38340,63.802961349487305,24.028457736634568,2
10.0.0.2,46157,10.0.0.4,38340,64.15212035179138,24.028457736634568,2
10.0.0.2,46157,10.0.0.4,38340,64.50057125091553,24.028457736634568,2
10.0.0.2,46157,10.0.0.4,38340,64.85060930252075,24.028457736634568,2
10.0.0.2,46157,10.0.0.4,38340,65.20125532150269,24.028457736634568,2
10.0.0.2,46157,10.0.0.4,38340,65.54963231086731,23.227509145413414,2
10.0.0.2,46157,10.0.0.4,38340,65.89737820625305,24.028457736634568,2
10.0.0.2,46157,10.0.0.4,38340,66.24618434906006,23.761474872894183,2
10.0.0.2,46157,10.0.0.4,38340,66.5944812297821,24.028457736634568,2
10.0.0.2,46157,10.0.0.4,38340,66.94469237327576,24.028457736634568,2
10.0.0.2,46157,10.0.0.4,38340,67.29585433006287,23.761474872894183,2
10.0.0.2,46157,10.0.0.4,38340,67.64390635490417,23.427746293218703,2
10.0.0.2,46157,10.0.0.4,38340,67.99135828018188,23.4944920091538,2
10.0.0.2,46157,10.0.0.4,38340,68.33852219581604,23.4944920091538,2
10.0.0.2,46157,10.0.0.4,38340,68.68627119064331,24.028457736634568,2
10.0.0.2,46157,10.0.0.4,38340,69.03487634658813,24.028457736634568,2
10.0.0.2,46157,10.0.0.4,38340,69.38368821144104,24.028457736634568,2
10.0.0.2,46157,10.0.0.4,38340,69.7325291633606,24.028457736634568,2
10.0.0.2,46157,10.0.0.4,38340,70.08192324638367,24.028457736634568,2
10.0.0.2,46157,10.0.0.4,38340,70.43093132972717,23.4944920091538,2
10.0.0.2,46157,10.0.0.4,38340,70.77949118614197,23.761474872894183,2
10.0.0.2,46157,10.0.0.4,38340,71.12781620025635,24.29544060037495,2
10.0.0.2,46157,10.0.0.4,38340,71.47514533996582,24.028457736634568,2
10.0.0.2,46157,10.0.0.4,38340,71.82404828071594,24.028457736634568,2
10.0.0.2,46157,10.0.0.4,38340,72.17340230941772,24.028457736634568,2
10.0.0.2,46157,10.0.0.4,38340,72.52244925498962,24.028457736634568,2
10.0.0.2,46157,10.0.0.4,38340,72.87054133415222,24.028457736634568,2
10.0.0.2,46157,10.0.0.4,38340,73.21838617324829,23.4944920091538,2
10.0.0.2,46157,10.0.0.4,38340,73.56776928901672,24.028457736634568,2
10.0.0.2,46157,10.0.0.4,38340,73.91756129264832,23.761474872894183,2
10.0.0.2,46157,10.0.0.4,38340,74.26518726348877,45.05335825618981,2
10.0.0.2,46157,10.0.0.4,38340,74.61444616317749,43.45146107374751,2
10.0.0.2,46157,10.0.0.4,38340,74.96442818641663,45.05335825618981,2
10.0.0.2,46157,10.0.0.4,38340,75.31230425834656,44.18566394903356,2
10.0.0.2,46157,10.0.0.4,38340,75.66021132469177,42.85074963033164,2
10.0.0.2,46157,10.0.0.4,38340,76.01156735420227,46.52176400676193,2
10.0.0.2,46157,10.0.0.4,38340,76.36187720298767,46.65525543863212,2
10.0.0.2,46157,10.0.0.4,38340,76.70994520187378,45.05335825618981,2
10.0.0.2,46157,10.0.0.4,38340,77.05705428123474,47.45620402985327,2
10.0.0.2,46157,10.0.0.4,38340,77.40560817718506,44.18566394903356,2
10.0.0.2,46157,10.0.0.4,38340,77.75448822975159,45.05335825618981,2
10.0.0.2,46157,10.0.0.4,38340,78.1050672531128,42.78400391439655,2
10.0.0.2,46157,10.0.0.4,38340,78.45249319076538,44.25240966496866,2
10.0.0.2,46157,10.0.0.4,38340,78.80038714408875,45.85430684741096,2
10.0.0.2,46157,10.0.0.4,38340,79.14754223823547,44.91986682431962,2
10.0.0.2,46157,10.0.0.4,38340,79.49591016769409,43.71844393748789,2
10.0.0.2,46157,10.0.0.4,38340,79.8441252708435,43.5849525056177,2
10.0.0.2,46157,10.0.0.4,38340,80.19385528564453,42.78400391439655,2
10.0.0.2,46157,10.0.0.4,38340,80.54133224487305,42.85074963033164,2
10.0.0.2,46157,10.0.0.4,38340,80.88958930969238,46.65525543863212,2
10.0.0.2,46157,10.0.0.4,38340,81.23751616477966,44.91986682431962,2
10.0.0.2,46157,10.0.0.4,38340,81.58813214302063,43.5182067896826,2
10.0.0.2,46157,10.0.0.4,38340,81.93526124954224,44.31915538090376,2
10.0.0.2,46157,10.0.0.4,38340,82.2864043712616,46.45501829082683,2
10.0.0.2,46157,10.0.0.4,38340,82.63437533378601,45.05335825618981,2
10.0.0.2,46157,10.0.0.4,38340,82.98233032226562,42.78400391439655,2
10.0.0.2,46157,10.0.0.4,38340,83.33336234092712,43.38471535781241,2
10.0.0.2,46157,10.0.0.4,38340,83.6838481426239,43.5182067896826,2
10.0.0.2,46157,10.0.0.4,38340,84.03131437301636,43.5849525056177,2
10.0.0.2,46157,10.0.0.4,38340,84.37932634353638,43.65169822155279,2
10.0.0.2,46157,10.0.0.4,38340,84.72858333587646,45.92105256334606,2
10.0.0.2,46157,10.0.0.4,38340,85.07829022407532,43.45146107374751,2
10.0.0.2,46157,10.0.0.4,38340,85.42882513999939,44.18566394903356,2
10.0.0.2,46157,10.0.0.4,38340,85.77721428871155,42.11654675504559,2
10.0.0.2,46157,10.0.0.4,38340,86.1267602443695,42.85074963033164,2
10.0.0.2,46157,10.0.0.4,38340,86.47787427902222,42.78400391439655,2
10.0.0.2,46157,10.0.0.4,38340,86.82514524459839,48.19040690513933,2
10.0.0.2,46157,10.0.0.4,38340,87.17492437362671,45.05335825618981,2
10.0.0.2,46157,10.0.0.4,38340,87.52543616294861,45.85430684741096,2
10.0.0.2,46157,10.0.0.4,38340,87.87518620491028,45.05335825618981,2
10.0.0.2,46157,10.0.0.4,38340,88.2230863571167,42.25003818691578,2
10.0.0.2,46157,10.0.0.4,38340,88.57275915145874,42.04980103911049,2
10.0.0.2,46157,10.0.0.4,38340,88.92092227935791,44.18566394903356,2
10.0.0.2,46157,10.0.0.4,38340,89.26873636245728,44.25240966496866,2
10.0.0.2,46157,10.0.0.4,38340,89.62046933174133,44.78637539244943,2
10.0.0.2,46157,10.0.0.4,38340,89.97023034095764,45.05335825618981,2
10.0.0.2,46157,10.0.0.4,38340,90.31774115562439,46.65525543863212,2
10.0.0.2,46157,10.0.0.4,38340,90.66718125343323,44.91986682431962,2
10.0.0.2,46157,10.0.0.4,38340,91.01922726631165,45.92105256334606,2
10.0.0.2,46157,10.0.0.4,38340,91.3683533668518,43.45146107374751,2
10.0.0.2,46157,10.0.0.4,38340,91.71548128128052,45.3203411199302,2
10.0.0.2,46157,10.0.0.4,38340,92.06311225891113,44.98661254025472,2
10.0.0.2,46157,10.0.0.4,38340,92.41386127471924,43.65169822155279,2
10.0.0.2,46157,10.0.0.4,38340,92.76288723945618,45.78756113147587,2
10.0.0.2,46157,10.0.0.4,38340,93.11336421966553,45.05335825618981,2
10.0.0.2,46157,10.0.0.4,38340,93.46305727958679,44.91986682431962,2
10.0.0.2,46157,10.0.0.4,38340,93.81187725067139,44.18566394903356,2
10.0.0.2,46157,10.0.0.4,38340,94.16024827957153,44.25240966496866,2
10.0.0.2,46157,10.0.0.4,38340,94.50839328765869,46.38827257489173,2
10.0.0.2,46157,10.0.0.4,38340,94.85753130912781,46.45501829082683,2
10.0.0.2,46157,10.0.0.4,38340,95.20592617988586,43.71844393748789,2
10.0.0.2,46157,10.0.0.4,38340,95.55621814727783,45.12010397212491,2
10.0.0.2,46157,10.0.0.4,38340,95.90353322029114,42.91749534626674,2
10.0.0.2,46157,10.0.0.4,38340,96.25106024742126,45.85430684741096,2
10.0.0.2,46157,10.0.0.4,38340,96.60065126419067,45.65406969960568,2
10.0.0.2,46157,10.0.0.4,38340,96.95071125030518,45.85430684741096,2
10.0.0.2,46157,10.0.0.4,38340,97.29852628707886,46.45501829082683,2
10.0.0.2,46157,10.0.0.4,38340,97.64656615257263,48.056915473269136,2
10.0.0.2,46157,10.0.0.4,38340,97.99582815170288,46.65525543863212,2
10.0.0.2,46157,10.0.0.4,38340,98.3429822921753,44.91986682431962,2
10.0.0.2,46157,10.0.0.4,38340,98.69186019897461,46.45501829082683,2
10.0.0.2,46157,10.0.0.4,38340,99.04065918922424,48.056915473269136,2
10.0.0.2,46157,10.0.0.4,38340,99.38950634002686,72.0853732099037,2
10.0.0.1,37603,10.0.0.3,45980,0.9151463508605957,4.872437263262009,2
10.0.0.1,37603,10.0.0.3,45980,1.2628653049468994,41.04861530008405,2
10.0.0.1,37603,10.0.0.3,45980,1.6121962070465088,49.92579551945182,2
10.0.0.1,37603,10.0.0.3,45980,1.9616882801055908,48.056915473269136,2
10.0.0.1,37603,10.0.0.3,45980,2.3093862533569336,48.056915473269136,2
10.0.0.1,37603,10.0.0.3,45980,2.656503200531006,46.72200115456721,2
10.0.0.1,37603,10.0.0.3,45980,3.007077217102051,48.056915473269136,2
10.0.0.1,37603,10.0.0.3,45980,3.3562333583831787,48.056915473269136,2
10.0.0.1,37603,10.0.0.3,45980,3.706831216812134,48.056915473269136,2
10.0.0.1,37603,10.0.0.3,45980,4.058240175247192,48.056915473269136,2
10.0.0.1,37603,10.0.0.3,45980,4.407606363296509,48.056915473269136,2
10.0.0.1,37603,10.0.0.3,45980,4.756835222244263,48.056915473269136,2
10.0.0.1,37603,10.0.0.3,45980,5.1039533615112305,47.05572973424269,2
10.0.0.1,37603,10.0.0.3,45980,5.4536051750183105,48.056915473269136,2
10.0.0.1,37603,10.0.0.3,45980,5.803699254989624,48.056915473269136,2
10.0.0.1,37603,10.0.0.3,45980,6.152115345001221,48.056915473269136,2
10.0.0.1,37603,10.0.0.3,45980,6.50097918510437,48.056915473269136,2
10.0.0.1,37603,10.0.0.3,45980,6.850496292114258,49.25833836010086,2
10.0.0.1,37603,10.0.0.3,45980,7.197887182235718,48.12366118920423,2
10.0.0.1,37603,10.0.0.3,45980,7.548461198806763,48.056915473269136,2
10.0.0.1,37603,10.0.0.3,45980,7.898756265640259,48.056915473269136,2
10.0.0.1,37603,10.0.0.3,45980,8.245922327041626,47.18922116611289,2
10.0.0.1,37603,10.0.0.3,45980,8.595871210098267,48.056915473269136,2
10.0.0.1,37603,10.0.0.3,45980,8.9445161819458,48.056915473269136,2
10.0.0.1,37603,10.0.0.3,45980,9.295319318771362,49.25833836010086,2
10.0.0.1,37603,10.0.0.3,45980,9.64771318435669,48.056915473269136,2
10.0.0.1,37603,10.0.0.3,45980,9.99779224395752,48.056915473269136,2
10.0.0.1,37603,10.0.0.3,45980,10.34706735610962,49.859049803516726,2
10.0.0.1,37603,10.0.0.3,45980,10.697161197662354,48.056915473269136,2
10.0.0.1,37603,10.0.0.3,45980,11.048900365829468,48.056915473269136,2
10.0.0.1,37603,10.0.0.3,45980,11.398404359817505,48.056915473269136,2
10.0.0.1,37603,10.0.0.3,45980,11.747649192810059,48.056915473269136,2
10.0.0.1,37603,10.0.0.3,45980,12.098425149917603,48.056915473269136,2
10.0.0.1,37603,10.0.0.3,45980,12.448241233825684,48.056915473269136,2
10.0.0.1,37603,10.0.0.3,45980,12.798018217086792,48.056915473269136,2
10.0.0.1,37603,10.0.0.3,45980,13.148101329803467,49.859049803516726,2
10.0.0.1,37603,10.0.0.3,45980,13.495449304580688,47.38945831391817,2
10.0.0.1,37603,10.0.0.3,45980,13.844545364379883,49.859049803516726,2
10.0.0.1,37603,10.0.0.3,45980,14.191667318344116,48.12366118920423,2
10.0.0.1,37603,10.0.0.3,45980,14.542748212814331,48.056915473269136,2
10.0.0.1,37603,10.0.0.3,45980,14.890795230865479,48.056915473269136,2
10.0.0.1,37603,10.0.0.3,45980,15.240767240524292,48.056915473269136,2
10.0.0.1,37603,10.0.0.3,45980,15.589884281158447,49.25833836010086,2
10.0.0.1,37603,10.0.0.3,45980,15.937831163406372,48.056915473269136,2
10.0.0.1,37603,10.0.0.3,45980,16.287679195404053,48.056915473269136,2
10.0.0.1,37603,10.0.0.3,45980,16.63498020172119,47.38945831391817,2
10.0.0.1,37603,10.0.0.3,45980,16.983541250228882,48.056915473269136,2
10.0.0.1,37603,10.0.0.3,45980,17.333423137664795,49.391829791971055,2
10.0.0.1,37603,10.0.0.3,45980,17.681652307510376,48.056915473269136,2
10.0.0.1,37603,10.0.0.3,45980,18.030253171920776,48.056915473269136,2
10.0.0.1,37603,10.0.0.3,45980,18.378525257110596,48.056915473269136,2
10.0.0.1,37603,10.0.0.3,45980,18.725656270980835,48.056915473269136,2
10.0.0.1,37603,10.0.0.3,45980,19.074458360671997,49.32508407603596,2
10.0.0.1,37603,10.0.0.3,45980,19.42161536216736,47.72318689359365,2
10.0.0.1,37603,10.0.0.3,45980,19.7712562084198,48.056915473269136,2
10.0.0.1,37603,10.0.0.3,45980,20.11841320991516,46.9222383023725,2
10.0.0.1,37603,10.0.0.3,45980,20.468128204345703,48.056915473269136,2
10.0.0.1,37603,10.0.0.3,45980,20.819271326065063,48.056915473269136,2
10.0.0.1,37603,10.0.0.3,45980,21.168524265289307,48.056915473269136,2
10.0.0.1,37603,10.0.0.3,45980,21.515705347061157,48.056915473269136,2
10.0.0.1,37603,10.0.0.3,45980,21.86499524116516,48.056915473269136,2
10.0.0.1,37603,10.0.0.3,45980,22.214458227157593,48.056915473269136,2
10.0.0.1,37603,10.0.0.3,45980,22.565367221832275,48.056915473269136,2
10.0.0.1,37603,10.0.0.3,45980,22.915168285369873,48.056915473269136,2
10.0.0.1,37603,10.0.0.3,45980,23.2622971534729,46.38827257489173,2
10.0.0.1,37603,10.0.0.3,45980,23.612173318862915,48.056915473269136,2
10.0.0.1,37603,10.0.0.3,45980,23.963094234466553,48.056915473269136,2
10.0.0.1,37603,10.0.0.3,45980,24.31345534324646,50.860235542543165,2
10.0.0.1,37603,10.0.0.3,45980,24.660922288894653,48.056915473269136,2
10.0.0.1,37603,10.0.0.3,45980,25.012418270111084,48.056915473269136,2
10.0.0.1,37603,10.0.0.3,45980,25.363826274871826,48.056915473269136,2
10.0.0.1,37603,10.0.0.3,45980,25.712945222854614,48.056915473269136,2
10.0.0.1,37603,10.0.0.3,45980,26.06193232536316,48.056915473269136,2
10.0.0.1,37603,10.0.0.3,45980,26.41037130355835,48.056915473269136,2
10.0.0.1,37603,10.0.0.3,45980,26.760225296020508,48.056915473269136,2
10.0.0.1,37603,10.0.0.3,45980,27.11303424835205,48.056915473269136,2
10.0.0.1,37603,10.0.0.3,45980,27.46243929862976,48.056915473269136,2
10.0.0.1,37603,10.0.0.3,45980,27.81215524673462,48.056915473269136,2
10.0.0.1,37603,10.0.0.3,45980,28.161972284317017,49.79230408758163,2
10.0.0.1,37603,10.0.0.3,45980,28.50997018814087,48.056915473269136,2
10.0.0.1,37603,10.0.0.3,45980,28.85893726348877,48.056915473269136,2
10.0.0.1,37603,10.0.0.3,45980,29.20975422859192,48.056915473269136,2
10.0.0.1,37603,10.0.0.3,45980,29.55771231651306,48.056915473269136,2
10.0.0.1,37603,10.0.0.3,45980,29.907886266708374,48.056915473269136,2
10.0.0.1,37603,10.0.0.3,45980,30.258175373077393,47.99016975733404,2
10.0.0.1,37603,10.0.0.3,45980,30.609479188919067,48.056915473269136,2
10.0.0.1,37603,10.0.0.3,45980,30.961133241653442,49.79230408758163,2
10.0.0.1,37603,10.0.0.3,45980,31.308300256729126,48.5908812007499,2
10.0.0.1,37603,10.0.0.3,45980,31.656992197036743,49.32508407603596,2
10.0.0.1,37603,10.0.0.3,45980,32.00415015220642,47.18922116611289,2
10.0.0.1,37603,10.0.0.3,45980,32.35259127616882,48.19040690513933,2
10.0.0.1,37603,10.0.0.3,45980,32.702516317367554,48.056915473269136,2
10.0.0.1,37603,10.0.0.3,45980,33.051788330078125,49.79230408758163,2
10.0.0.1,37603,10.0.0.3,45980,33.399869203567505,48.056915473269136,2
10.0.0.1,37603,10.0.0.3,45980,33.74889636039734,48.056915473269136,2
10.0.0.1,37603,10.0.0.3,45980,34.09957432746887,48.056915473269136,2
10.0.0.1,37603,10.0.0.3,45980,34.44778513908386,49.32508407603596,2
10.0.0.1,37603,10.0.0.3,45980,34.80032134056091,48.056915473269136,2
10.0.0.1,37603,10.0.0.3,45980,35.14892816543579,48.056915473269136,2
10.0.0.1,37603,10.0.0.3,45980,35.496089220047,47.25596688204798,2
10.0.0.1,37603,10.0.0.3,45980,35.84661817550659,48.056915473269136,2
10.0.0.1,37603,10.0.0.3,45980,36.19430923461914,48.79111834855519,2
10.0.0.1,37603,10.0.0.3,45980,36.544894218444824,48.056915473269136,2
10.0.0.1,37603,10.0.0.3,45980,36.89409518241882,49.32508407603596,2
10.0.0.1,37603,10.0.0.3,45980,37.24235916137695,48.056915473269136,2
10.0.0.1,37603,10.0.0.3,45980,37.59231424331665,48.056915473269136,2
10.0.0.1,37603,10.0.0.3,45980,37.93946433067322,46.9222383023725,2
10.0.0.1,37603,10.0.0.3,45980,38.289982318878174,48.056915473269136,2
10.0.0.1,37603,10.0.0.3,45980,38.639533281326294,48.056915473269136,2
10.0.0.1,37603,10.0.0.3,45980,38.99003529548645,49.32508407603596,2
10.0.0.1,37603,10.0.0.3,45980,39.33938026428223,48.056915473269136,2
10.0.0.1,37603,10.0.0.3,45980,39.68835115432739,49.79230408758163,2
10.0.0.1,37603,10.0.0.3,45980,40.040093183517456,48.056915473269136,2
10.0.0.1,37603,10.0.0.3,45980,40.38922715187073,47.92342404139894,2
10.0.0.1,37603,10.0.0.3,45980,40.739384174346924,48.056915473269136,2
10.0.0.1,37603,10.0.0.3,45980,41.08927536010742,49.79230408758163,2
10.0.0.1,37603,10.0.0.3,45980,41.43777418136597,48.056915473269136,2
10.0.0.1,37603,10.0.0.3,45980,41.78680729866028,48.056915473269136,2
10.0.0.1,37603,10.0.0.3,45980,42.134674310684204,48.056915473269136,2
10.0.0.1,37603,10.0.0.3,45980,42.484899282455444,49.79230408758163,2
10.0.0.1,37603,10.0.0.3,45980,42.83516836166382,48.056915473269136,2
10.0.0.1,37603,10.0.0.3,45980,43.18484115600586,51.060472690348455,2
10.0.0.1,37603,10.0.0.3,45980,43.53273129463196,48.056915473269136,2
10.0.0.1,37603,10.0.0.3,45980,43.87989115715027,46.78874687050231,2
10.0.0.1,37603,10.0.0.3,45980,44.2288863658905,48.056915473269136,2
10.0.0.1,37603,10.0.0.3,45980,44.57864236831665,48.056915473269136,2
10.0.0.1,37603,10.0.0.3,45980,44.92578125,48.524135484814806,2
10.0.0.1,37603,10.0.0.3,45980,45.27536225318909,48.056915473269136,2
10.0.0.1,37603,10.0.0.3,45980,45.624858140945435,48.056915473269136,2
10.0.0.1,37603,10.0.0.3,45980,45.974324226379395,48.99135549636048,2
10.0.0.1,37603,10.0.0.3,45980,46.32619833946228,48.056915473269136,2
10.0.0.1,37603,10.0.0.3,45980,46.67624616622925,48.12366118920423,2
10.0.0.1,37603,10.0.0.3,45980,47.02335834503174,46.58850972269702,2
10.0.0.1,37603,10.0.0.3,45980,47.37371635437012,49.79230408758163,2
10.0.0.1,37603,10.0.0.3,45980,47.72086715698242,49.12484692823067,2
10.0.0.1,37603,10.0.0.3,45980,48.071728229522705,48.056915473269136,2
10.0.0.1,37603,10.0.0.3,45980,48.42117714881897,48.056915473269136,2
10.0.0.1,37603,10.0.0.3,45980,48.770161151885986,48.12366118920423,2
10.0.0.1,37603,10.0.0.3,45980,49.117292165756226,49.391829791971055,2
10.0.0.1,37603,10.0.0.3,45980,49.46506428718567,48.056915473269136,2
10.0.0.1,37603,10.0.0.3,45980,49.814842224121094,48.056915473269136,2
10.0.0.1,37603,10.0.0.3,45980,50.164852142333984,48.056915473269136,2
10.0.0.1,37603,10.0.0.3,45980,50.51200318336487,48.5908812007499,2
10.0.0.1,37603,10.0.0.3,45980,50.86436128616333,48.056915473269136,2
10.0.0.1,37603,10.0.0.3,45980,51.21510434150696,49.191592644165766,2
10.0.0.1,37603,10.0.0.3,45980,51.562289237976074,48.056915473269136,2
10.0.0.1,37603,10.0.0.3,45980,51.91110134124756,48.056915473269136,2
10.0.0.1,37603,10.0.0.3,45980,52.26032733917236,48.056915473269136,2
10.0.0.1,37603,10.0.0.3,45980,52.610042333602905,48.056915473269136,2
10.0.0.1,37603,10.0.0.3,45980,52.96117115020752,48.056915473269136,2
10.0.0.1,37603,10.0.0.3,45980,53.313629150390625,49.79230408758163,2
10.0.0.1,37603,10.0.0.3,45980,53.661978244781494,48.056915473269136,2
10.0.0.1,37603,10.0.0.3,45980,54.01218318939209,52.128404145309986,2
10.0.0.1,37603,10.0.0.3,45980,54.36337733268738,84.03285636228588,2
10.0.0.1,37603,10.0.0.3,45980,54.712780237197876,83.43214491887002,2
10.0.0.1,37603,10.0.0.3,45980,55.06047224998474,75.68964187039889,2
10.0.0.1,37603,10.0.0.3,45980,55.407780170440674,72.0853732099037,2
10.0.0.1,37603,10.0.0.3,45980,55.75606036186218,72.0853732099037,2
10.0.0.1,37603,10.0.0.3,45980,56.10528016090393,72.0853732099037,2
10.0.0.1,37603,10.0.0.3,45980,56.45549535751343,72.21886464177389,2
10.0.0.1,37603,10.0.0.3,45980,56.80615234375,72.15211892583879,2
10.0.0.1,37603,10.0.0.3,45980,57.15662217140198,72.0853732099037,2
10.0.0.1,37603,10.0.0.3,45980,57.50378632545471,72.0853732099037,2
10.0.0.1,37603,10.0.0.3,45980,57.85396432876587,72.0853732099037,2
10.0.0.1,37603,10.0.0.3,45980,58.20127725601196,71.41791605055273,2
10.0.0.1,37603,10.0.0.3,45980,58.55039930343628,72.0853732099037,2
10.0.0.1,37603,10.0.0.3,45980,58.89842128753662,72.0853732099037,2
10.0.0.1,37603,10.0.0.3,45980,59.24779534339905,72.01862749396861,2
10.0.0.1,37603,10.0.0.3,45980,59.59507632255554,72.81957608518975,2
10.0.0.1,37603,10.0.0.3,45980,59.94309735298157,72.0853732099037,2
10.0.0.1,37603,10.0.0.3,45980,60.29194521903992,72.0853732099037,2
10.0.0.1,37603,10.0.0.3,45980,60.63910722732544,72.0853732099037,2
10.0.0.1,37603,10.0.0.3,45980,60.98925018310547,72.01862749396861,2
10.0.0.1,37603,10.0.0.3,45980,61.338356256484985,72.0853732099037,2
10.0.0.1,37603,10.0.0.3,45980,61.68765830993652,72.0853732099037,2
10.0.0.1,37603,10.0.0.3,45980,62.03648114204407,70.88395032307197,2
10.0.0.1,37603,10.0.0.3,45980,62.38466215133667,72.0853732099037,2
10.0.0.1,37603,10.0.0.3,45980,62.73340034484863,72.0853732099037,2
10.0.0.1,37603,10.0.0.3,45980,63.08300232887268,72.0853732099037,2
10.0.0.1,37603,10.0.0.3,45980,63.43057823181152,71.08418747087725,2
10.0.0.1,37603,10.0.0.3,45980,63.779322147369385,72.15211892583879,2
10.0.0.1,37603,10.0.0.3,45980,64.1283962726593,72.15211892583879,2
10.0.0.1,37603,10.0.0.3,45980,64.47591423988342,72.0853732099037,2
10.0.0.1,37603,10.0.0.3,45980,64.82315325737,72.0853732099037,2
10.0.0.1,37603,10.0.0.3,45980,65.17387127876282,72.15211892583879,2
10.0.0.1,37603,10.0.0.3,45980,65.52109718322754,72.28561035770899,2
10.0.0.1,37603,10.0.0.3,45980,65.86955237388611,72.0853732099037,2
10.0.0.1,37603,10.0.0.3,45980,66.2178373336792,70.28323887965611,2
10.0.0.1,37603,10.0.0.3,45980,66.56684637069702,72.0853732099037,2
10.0.0.1,37603,10.0.0.3,45980,66.91696333885193,72.15211892583879,2
10.0.0.1,37603,10.0.0.3,45980,67.26700830459595,70.75045889120177,2
10.0.0.1,37603,10.0.0.3,45980,67.61775422096252,72.15211892583879,2
10.0.0.1,37603,10.0.0.3,45980,67.9669783115387,69.08181599282437,2
10.0.0.1,37603,10.0.0.3,45980,68.31528425216675,70.81720460713687,2
10.0.0.1,37603,10.0.0.3,45980,68.66239523887634,71.41791605055273,2
10.0.0.1,37603,10.0.0.3,45980,69.01137232780457,72.0853732099037,2
10.0.0.1,37603,10.0.0.3,45980,69.36022520065308,72.0853732099037,2
10.0.0.1,37603,10.0.0.3,45980,69.708740234375,72.0853732099037,2
10.0.0.1,37603,10.0.0.3,45980,70.0558512210846,72.0853732099037,2
10.0.0.1,37603,10.0.0.3,45980,70.40333127975464,72.0853732099037,2
10.0.0.1,37603,10.0.0.3,45980,70.75232315063477,70.75045889120177,2
10.0.0.1,37603,10.0.0.3,45980,71.10168719291687,72.0853732099037,2
10.0.0.1,37603,10.0.0.3,45980,71.45050716400146,72.0853732099037,2
10.0.0.1,37603,10.0.0.3,45980,71.80037426948547,72.0853732099037,2
10.0.0.1,37603,10.0.0.3,45980,72.14967823028564,72.0853732099037,2
10.0.0.1,37603,10.0.0.3,45980,72.49833726882935,72.15211892583879,2
10.0.0.1,37603,10.0.0.3,45980,72.84598731994629,71.95188177803351,2
10.0.0.1,37603,10.0.0.3,45980,73.19475817680359,72.15211892583879,2
10.0.0.1,37603,10.0.0.3,45980,73.54321122169495,72.0853732099037,2
10.0.0.1,37603,10.0.0.3,45980,73.89215636253357,72.0853732099037,2
10.0.0.1,37603,10.0.0.3,45980,74.24315333366394,52.195149861245085,2
10.0.0.1,37603,10.0.0.3,45980,74.59031534194946,51.193964122218645,2
10.0.0.1,37603,10.0.0.3,45980,74.94187831878662,52.862607020596045,2
10.0.0.1,37603,10.0.0.3,45980,75.28942227363586,51.060472690348455,2
10.0.0.1,37603,10.0.0.3,45980,75.6378002166748,52.261895577180184,2
10.0.0.1,37603,10.0.0.3,45980,75.98639225959778,51.060472690348455,2
10.0.0.1,37603,10.0.0.3,45980,76.33439826965332,51.060472690348455,2
10.0.0.1,37603,10.0.0.3,45980,76.68331527709961,49.25833836010086,2
10.0.0.1,37603,10.0.0.3,45980,77.03042936325073,47.85667832546385,2
10.0.0.1,37603,10.0.0.3,45980,77.3812403678894,51.060472690348455,2
10.0.0.1,37603,10.0.0.3,45980,77.73212027549744,52.261895577180184,2
10.0.0.1,37603,10.0.0.3,45980,78.08265423774719,52.261895577180184,2
10.0.0.1,37603,10.0.0.3,45980,78.43182921409607,51.060472690348455,2
10.0.0.1,37603,10.0.0.3,45980,78.78114724159241,51.060472690348455,2
10.0.0.1,37603,10.0.0.3,45980,79.13206315040588,49.25833836010086,2
10.0.0.1,37603,10.0.0.3,45980,79.48222422599792,52.862607020596045,2
10.0.0.1,37603,10.0.0.3,45980,79.82940530776978,51.727929849699414,2
10.0.0.1,37603,10.0.0.3,45980,80.17652535438538,51.594438417829224,2
10.0.0.1,37603,10.0.0.3,45980,80.52680516242981,51.060472690348455,2
10.0.0.1,37603,10.0.0.3,45980,80.87566423416138,50.926981258478264,2
10.0.0.1,37603,10.0.0.3,45980,81.22516632080078,52.261895577180184,2
10.0.0.1,37603,10.0.0.3,45980,81.57374620437622,52.261895577180184,2
10.0.0.1,37603,10.0.0.3,45980,81.92213916778564,51.060472690348455,2
10.0.0.1,37603,10.0.0.3,45980,82.2724711894989,51.060472690348455,2
10.0.0.1,37603,10.0.0.3,45980,82.62192034721375,51.060472690348455,2
10.0.0.1,37603,10.0.0.3,45980,82.97255420684814,52.862607020596045,2
10.0.0.1,37603,10.0.0.3,45980,83.32464933395386,52.862607020596045,2
10.0.0.1,37603,10.0.0.3,45980,83.67218232154846,54.06402990742777,2
10.0.0.1,37603,10.0.0.3,45980,84.02297329902649,51.060472690348455,2
10.0.0.1,37603,10.0.0.3,45980,84.37083029747009,51.060472690348455,2
10.0.0.1,37603,10.0.0.3,45980,84.72083926200867,51.060472690348455,2
10.0.0.1,37603,10.0.0.3,45980,85.06958818435669,52.862607020596045,2
10.0.0.1,37603,10.0.0.3,45980,85.41815614700317,49.391829791971055,2
10.0.0.1,37603,10.0.0.3,45980,85.76614332199097,54.06402990742777,2
10.0.0.1,37603,10.0.0.3,45980,86.11343717575073,52.862607020596045,2
10.0.0.1,37603,10.0.0.3,45980,86.46373319625854,52.261895577180184,2
10.0.0.1,37603,10.0.0.3,45980,86.81219816207886,48.99135549636048,2
10.0.0.1,37603,10.0.0.3,45980,87.15932321548462,49.391829791971055,2
10.0.0.1,37603,10.0.0.3,45980,87.50958132743835,52.395387009050374,2
10.0.0.1,37603,10.0.0.3,45980,87.85727024078369,51.060472690348455,2
10.0.0.1,37603,10.0.0.3,45980,88.20438933372498,53.12958988433643,2
10.0.0.1,37603,10.0.0.3,45980,88.55350518226624,54.06402990742777,2
10.0.0.1,37603,10.0.0.3,45980,88.90151524543762,51.060472690348455,2
10.0.0.1,37603,10.0.0.3,45980,89.2499463558197,51.794675565634506,2
10.0.0.1,37603,10.0.0.3,45980,89.59733319282532,52.261895577180184,2
10.0.0.1,37603,10.0.0.3,45980,89.94720315933228,51.060472690348455,2
10.0.0.1,37603,10.0.0.3,45980,90.29711437225342,48.056915473269136,2
10.0.0.1,37603,10.0.0.3,45980,90.64745736122131,49.25833836010086,2
10.0.0.1,37603,10.0.0.3,45980,90.99600315093994,51.060472690348455,2
10.0.0.1,37603,10.0.0.3,45980,91.34560918807983,52.261895577180184,2
10.0.0.1,37603,10.0.0.3,45980,91.69538521766663,50.79348982660807,2
10.0.0.1,37603,10.0.0.3,45980,92.04252934455872,49.992541235386916,2
10.0.0.1,37603,10.0.0.3,45980,92.39435935020447,51.060472690348455,2
10.0.0.1,37603,10.0.0.3,45980,92.74375915527344,49.859049803516726,2
10.0.0.1,37603,10.0.0.3,45980,93.09482836723328,51.060472690348455,2
10.0.0.1,37603,10.0.0.3,45980,93.44199228286743,48.390644052944616,2
10.0.0.1,37603,10.0.0.3,45980,93.78915119171143,51.527692701894125,2
10.0.0.1,37603,10.0.0.3,45980,94.13771915435791,51.060472690348455,2
10.0.0.1,37603,10.0.0.3,45980,94.48819136619568,51.060472690348455,2
10.0.0.1,37603,10.0.0.3,45980,94.83791136741638,49.859049803516726,2
10.0.0.1,37603,10.0.0.3,45980,95.18944120407104,54.06402990742777,2
10.0.0.1,37603,10.0.0.3,45980,95.53658413887024,50.393015530997495,2
10.0.0.1,37603,10.0.0.3,45980,95.88504815101624,53.5968098958821,2
10.0.0.1,37603,10.0.0.3,45980,96.232173204422,49.79230408758163,2
10.0.0.1,37603,10.0.0.3,45980,96.57930731773376,49.725558371646535,2
10.0.0.1,37603,10.0.0.3,45980,96.9280731678009,51.060472690348455,2
10.0.0.1,37603,10.0.0.3,45980,97.27522730827332,51.060472690348455,2
10.0.0.1,37603,10.0.0.3,45980,97.62718415260315,49.859049803516726,2
10.0.0.1,37603,10.0.0.3,45980,97.97475528717041,49.25833836010086,2
10.0.0.1,37603,10.0.0.3,45980,98.32237529754639,51.060472690348455,2
10.0.0.1,37603,10.0.0.3,45980,98.67246913909912,49.859049803516726,2
10.0.0.1,37603,10.0.0.3,45980,99.01963233947754,49.79230408758163,2
